城市,景点名,地点,距离,坐标,评论数,评论分,热评分,封面,是否免费,价格,原价,类别信息,标签,是否5A
上海,外滩,外滩核心区,距市中心1.8km,"31.243453, 121.497204",135020,4.8,10,https://dimg04.c-ctrip.com/images/10040m000000dht6p0F19.jpg,True,0,0,2024亚洲100必打卡景点,"遛娃宝藏地, 城市漫步",
上海,上海迪士尼度假区,迪士尼度假区,距市中心20.8km,"31.148267, 121.671964",175688,4.7,10,https://dimg04.c-ctrip.com/images/1lo4f12000iudih1251F7.jpg,False,399.0,475.0,2024亚洲100必打卡景点,"嗨玩乐园, 遛娃宝藏地",
上海,东方明珠,陆家嘴,距市中心2.7km,"31.245414, 121.506379",111064,4.7,8.8,https://dimg04.c-ctrip.com/images/1lo7412000isn0jrbD500.jpg,False,199.0,199.0,2024亚洲100必打卡景点,"遛娃宝藏地, 地标观景",5A
上海,上海海昌海洋公园,滴水湖临港地区,距市中心54.0km,"30.920947, 121.910782",43233,4.6,8.5,https://dimg04.c-ctrip.com/images/1lo2q12000irsd8izF552.jpg,False,339.0,399.0,2024亚洲100亲子景点,"萌萌动物, 嗨玩乐园",4A
上海,豫园,豫园地区,距市中心1.8km,"31.232741, 121.498732",42665,4.7,8.3,https://dimg04.c-ctrip.com/images/0103v12000f9ug057967E.jpg,False,30.0,30.0,上海近期热门景点榜 No.5,"遛娃宝藏地, 园林花园",4A
上海,上海博物馆,人民广场地区,距市中心296m,"31.23419, 121.482126",4643,4.6,8.3,https://dimg04.c-ctrip.com/images/0103x1200042pw7745DC1.jpg,True,0,0,2024亚洲100亲子景点,"博物馆, 场馆展馆",4A
上海,上海野生动物园,南汇/野生动物园,距市中心30.7km,"31.059867, 121.728426",80044,4.7,8.2,https://dimg04.c-ctrip.com/images/1lo0612000isnjm913F82.jpg,False,165.0,165.0,2024亚洲100亲子景点,"萌萌动物, 遛娃宝藏地",5A
上海,上海天文馆,滴水湖临港地区,距市中心55.8km,"30.918563, 121.932414",5673,4.9,8.2,https://dimg04.c-ctrip.com/images/01069120009ze52fdA92D.jpg,False,30.0,0,2024中国100亲子景点,天文馆,
上海,上海 · 山歌响起的地方·刀郎2025巡回演唱会 上海站,新国际博览中心/世博园,距市中心5.0km,"31.19446, 121.499982",74,4.9,8.6,https://dimg04.c-ctrip.com/images/0100b12000i2s47ooFEAC.png,False,0,0,,演唱会,
上海,黄浦江游览(十六铺码头),外滩核心区,距市中心2.3km,"31.23371, 121.504723",7474,4.5,7.9,https://dimg04.c-ctrip.com/images/35091e000001ey01xBB09.jpg,False,85.0,120.0,上海必打卡景点榜 No.8,"夜游观景, 乘船游览 ",
上海,黄浦江,陆家嘴,距市中心2.5km,"31.246586, 121.50369",2381,4.8,7.9,https://dimg04.c-ctrip.com/images/10021f000001gxcdwB7C4.jpg,True,0,0,,"自然山水, 夜游观景",
上海,磁浮列车,新国际博览中心/世博园,距市中心8.9km,"31.208606, 121.567908",5564,4.8,7.8,https://dimg04.c-ctrip.com/images/10051f000001gstmz0A34.jpg,False,50.0,50.0,上海必打卡景点榜 No.9,遛娃宝藏地,
上海,上海中心大厦,陆家嘴,距市中心3.0km,"31.239212, 121.511937",5650,4.5,7.8,https://dimg04.c-ctrip.com/images/0100812000f6pvv945ED1.jpg,True,0,0,,"地标观景, 夜游观景",
上海,上海海洋水族馆,陆家嘴,距市中心2.9km,"31.246392, 121.508574",34706,4.6,7.8,https://dimg04.c-ctrip.com/images/1lo6e12000hsutu2eF00B.jpg,False,155.0,160.0,2024亚洲100亲子景点,"萌萌动物, 遛娃宝藏地",4A
上海,上海之巅观光厅,陆家嘴,距市中心3.1km,"31.239205, 121.512342",11071,4.6,7.7,https://dimg04.c-ctrip.com/images/10070d0000006wasz1009.jpg,False,180.0,180.0,2024亚洲100夜游景点,"遛娃宝藏地, 地标观景",4A
上海,城隍庙旅游区,豫园地区,距市中心1.9km,"31.231471, 121.499034",7447,4.7,7.5,https://dimg04.c-ctrip.com/images/100l1f000001gqi1p4B80.jpg,True,0,0,2024中国100夜游景点,"城市漫步, 夜游观景",
上海,上海千古情,新国际博览中心/世博园,距市中心5.0km,"31.192096, 121.490093",1980,4.6,7.5,https://dimg04.c-ctrip.com/images/0102p12000f6qjpj8C6E7.jpg,False,278.0,318.0,2024中国100夜游景点,夜游观景,
上海,上海动物园,虹桥地区,距市中心11.3km,"31.199023, 121.369284",12685,4.7,7.5,https://dimg04.c-ctrip.com/images/0102y120009j4hethC8A2.jpg,False,40.0,40.0,2024中国100亲子景点,"萌萌动物, 遛娃宝藏地",4A
上海,迪士尼小镇,迪士尼度假区,距市中心20.5km,"31.146189, 121.667537",24228,4.8,7.4,https://dimg04.c-ctrip.com/images/100v0z000000nmk4q9783.jpg,True,0,0,,"遛娃宝藏地, 城市漫步",
上海,上海欢乐谷,佘山/松江大学城,距市中心28.7km,"31.10273, 121.222777",16565,4.7,7.4,https://dimg04.c-ctrip.com/images/1lo1312000ink4tuzDA25.jpg,False,99.0,199.0,2024中国100亲子景点,"遛娃宝藏地, 游乐场",4A
上海,上海佘山国家旅游度假区,佘山/松江大学城,距市中心30.5km,"31.096463, 121.205001",15,4.7,7.4,https://dimg04.c-ctrip.com/images/10010z000000nx0krD720.jpg,False,0,0,上海必打卡景点榜 No.15,"登高爬山, 自然山水",
上海,南京路步行街,人民广场地区,距市中心1.3km,"31.243293, 121.491176",40701,4.7,7.3,https://dimg04.c-ctrip.com/images/0106u120008c3zeiy8417.jpg,True,0,0,上海必打卡景点榜 No.16,"城市漫步, 夜游观景",
上海,陆家嘴,陆家嘴,距市中心3.1km,"31.240944, 121.512267",2988,4.8,7.1,https://dimg04.c-ctrip.com/images/0106m12000f6t9mkeFB60.jpg,True,0,0,上海夜游必打卡榜 No.10,"城市漫步, 夜游观景",
上海,上海自然博物馆,静安寺/南京西路,距市中心1.2km,"31.241162, 121.469147",7961,4.8,7.1,https://dimg04.c-ctrip.com/images/1A0i11000000qe9tl9638.jpg,False,30.0,0,上海必打卡景点榜 No.17,"展馆展览, 遛娃宝藏地",
上海,上海杜莎夫人蜡像馆,人民广场地区,距市中心458m,"31.240463, 121.47988",6861,4.5,7.1,https://dimg04.c-ctrip.com/images/1lo0n12000hexzsxq083B.jpg,False,200.0,210.0,2024中国100亲子景点,特色展馆,4A
上海,金茂大厦,陆家嘴,距市中心3.1km,"31.24094, 121.512253",4753,4.7,7.0,https://dimg04.c-ctrip.com/images/010691200083ix667DB18.jpg,True,0,0,,"地标观景, 夜游观景",4A
上海,金茂大厦88层观光厅,陆家嘴,距市中心3.1km,"31.241024, 121.512231",2926,4.6,7.0,https://dimg04.c-ctrip.com/images/0100d12000f6t99k72672.jpg,False,108.0,120.0,上海必打卡景点榜 No.19,"地标观景, 夜游观景",
上海,上海影视乐园,交大/闵行经济开发区,距市中心28.9km,"31.016708, 121.318804",3760,4.2,7.0,https://dimg04.c-ctrip.com/images/0106y12000f6qv0027201.jpg,False,69.0,80.0,上海必打卡景点榜 No.20,"遛娃宝藏地, 影视基地",4A
上海,都市观光巴士,陆家嘴,距市中心2.8km,"31.244773, 121.507435",1186,4.2,6.9,https://dimg04.c-ctrip.com/images/1lo5612000fmjjzz932B4.jpg,False,45.0,60.0,上海夜游必打卡榜 No.14,"夜游观景, 巴士观光",
上海,外滩观光隧道,外滩核心区,距市中心2.0km,"31.245464, 121.497875",2090,3.8,6.9,https://dimg04.c-ctrip.com/images/100w0m000000dlzn45F4B.jpg,False,50.0,50.0,,夜游观景,
上海,朱家角古镇景区,青浦朱家角/东方绿舟,距市中心42.0km,"31.122319, 121.060342",1930,4.5,6.8,https://dimg04.c-ctrip.com/images/0104a1200086ob7pyFA26.jpg,True,0,0,上海夜游必打卡榜 No.16,"古镇古村, 夜游观景",4A
上海,浦东美术馆,陆家嘴,距市中心2.3km,"31.243762, 121.50292",1219,4.6,6.8,https://dimg04.c-ctrip.com/images/1lo0n12000g19zba5FDF5.jpg,False,80.0,0.0,上海亲子景点榜 No.10,"特色展馆, 夜游观景",
上海,上海 · 米津玄师 2025《JUNK》世界巡演,新国际博览中心/世博园,距市中心5.0km,"31.19446, 121.499982",0,0.0,6.7,https://dimg04.c-ctrip.com/images/0103b12000d56uxde31B1.jpg,False,0,0,,演唱会,
上海,静安寺,静安寺/南京西路,距市中心2.8km,"31.22985, 121.451754",841,4.6,6.7,https://dimg04.c-ctrip.com/images/100b1f000001gsojgF8E4.jpg,False,0,0,上海夜游必打卡榜 No.15,"历史建筑, 夜游观景",
上海,上海乐高探索中心,长风公园地区,距市中心7.5km,"31.228878, 121.40192",1951,4.4,6.6,https://dimg04.c-ctrip.com/images/1lo2n12000iqefqzpE751.jpg,False,215.0,215.0,上海亲子景点榜 No.11,"遛娃宝藏地, 儿童乐园",
上海,上海赏樱花,上海,中国,"31.236351, 121.48024",0,0.0,6.6,https://dimg04.c-ctrip.com/images/0104812000ilofjy6E36E.jpg,False,0,0,上海特色体验榜 No.1,,
上海,浦江游览,外滩核心区,距市中心2.2km,"31.234882, 121.50318",674,4.5,6.6,https://dimg04.c-ctrip.com/images/01062120008gr2i6h24AF.jpg,False,85.0,120.0,2024亚洲100夜游景点,"夜游观景, 乘船游览 ",
上海,上海科技馆,新国际博览中心/世博园,距市中心6.6km,"31.224356, 121.547823",30495,4.7,6.6,https://dimg04.c-ctrip.com/images/0105g1200087d6lidB450.jpg,False,45.0,0,,"展馆展览, 遛娃宝藏地",5A
上海,上海 · 2025周慧敏「地老天荒爱一场」巡回演唱会上海站,徐家汇地区,距市中心6.4km,"31.187901, 121.44466",2,5.0,6.5,https://dimg04.c-ctrip.com/images/0100c12000hf9gkoqEA21.jpg,False,588.0,0,,演唱会,
上海,广富林文化遗址,佘山/松江大学城,距市中心32.3km,"31.068863, 121.203461",5843,4.6,6.5,https://dimg04.c-ctrip.com/images/10040t000000inke79FDC.jpg,True,0,0,上海亲子景点榜 No.12,"赏花胜地, 历史建筑",4A
上海,武康路,衡山路地区,距市中心4.1km,"31.213621, 121.44636",520,4.7,6.5,https://dimg04.c-ctrip.com/images/0101112000hk8rpvx48D1.jpg,True,0,0,,"城市漫步, 地标观景",
上海,上海汽车博物馆,嘉定新城,距市中心29.4km,"31.284654, 121.176829",2942,4.7,6.5,https://dimg04.c-ctrip.com/images/100h0q000000gcq3r672F.jpg,False,60.0,60.0,上海亲子景点榜 No.13,"展馆展览, 遛娃宝藏地",
上海,中国航海博物馆,滴水湖临港地区,距市中心56.5km,"30.902539, 121.926041",3146,4.7,6.4,https://dimg04.c-ctrip.com/images/0103x12000iivrxrz54EF.jpg,False,27.0,30.0,,"展馆展览, 遛娃宝藏地",4A
上海,黄浦江游览（东方明珠码头）,陆家嘴,距市中心2.5km,"31.246241, 121.503435",526,4.2,6.4,https://dimg04.c-ctrip.com/images/1lo5v12000cwpgg9s7A43.jpg,False,85.0,130.0,,"夜游观景, 乘船游览 ",
上海,上海赏梅花,上海,中国,"31.081656, 121.189029",0,0.0,6.4,https://dimg04.c-ctrip.com/images/0102n12000igv7ha67291.jpg,False,0,0,上海特色体验榜 No.2,,
上海,田子坊,打浦桥地区,距市中心2.5km,"31.213946, 121.475908",1209,4.5,6.4,https://dimg04.c-ctrip.com/images/100e1f000001gt1ey32DA.jpg,True,0,0,,城市漫步,
上海,上海游船观光,上海,中国,"31.243444, 121.497224",0,0.0,6.3,https://dimg04.c-ctrip.com/images/0101512000f6cn3ceD44E.jpg,False,0,0,上海特色体验榜 No.3,,
上海,交通银行耀雪冰雪世界,滴水湖临港地区,距市中心53.8km,"30.925586, 121.911952",465,4.1,6.3,https://dimg04.c-ctrip.com/images/1lo0b12000ey2b4ze19E1.jpg,False,290.0,0.0,上海滑雪景点榜 No.1,"遛娃宝藏地, 冰雪乐园",
上海,上海 · 范玮琪「我们之间的事」巡回演唱会 上海站,新国际博览中心/世博园,距市中心5.0km,"31.19446, 121.499982",0,0.0,6.3,https://dimg04.c-ctrip.com/images/0100512000hzfwlfg8649.png,False,380.0,0,,演唱会,
上海,上海大自然野生昆虫馆,陆家嘴,距市中心2.5km,"31.246062, 121.50431",2169,4.4,6.2,https://dimg04.c-ctrip.com/images/0105912000f6t2uzm6EB0.jpg,False,78.0,98.0,上海亲子景点榜 No.14,"展馆展览, 遛娃宝藏地",
上海,疯狂动物城,迪士尼度假区,距市中心20.0km,"31.152566, 121.665835",40,4.6,6.2,https://dimg04.c-ctrip.com/images/1lo6312000dmg35udA7C8.png,False,0,0,,游乐场,
上海,BUS TOUR 上海观光游,人民广场地区,距市中心520m,"31.241025, 121.480209",510,4.2,6.2,https://dimg04.c-ctrip.com/images/0104012000f6t5ynlE722.jpg,False,60.0,100.0,上海亲子景点榜 No.15,"遛娃宝藏地, 夜游观景",
上海,上海 · 《GAI进化论》2025巡回演唱会-上海站,新国际博览中心/世博园,距市中心5.0km,"31.19446, 121.499982",0,0.0,6.2,https://dimg04.c-ctrip.com/images/0103l12000imd83urD1E8.jpg,False,0,0,,演唱会,
上海,人民广场,人民广场地区,距市中心174m,"31.235056, 121.481319",9699,4.7,6.2,https://dimg04.c-ctrip.com/images/100h1f000001gruggD1C5.jpg,True,0,0,,"遛娃宝藏地, 地标观景",
上海,上海薰衣草公园,迪士尼度假区,距市中心21.6km,"31.147702, 121.681945",18496,4.7,6.1,https://dimg04.c-ctrip.com/images/1lo6712000azkkjdcD5AE.jpg,False,20.0,0,,"遛娃宝藏地, 赏花胜地",4A
上海,上海博物馆(东馆),新国际博览中心/世博园,距市中心6.3km,"31.225454, 121.544678",88,4.7,6.1,https://dimg04.c-ctrip.com/images/0100o12000iktxih9B837.jpg,True,0,0,,"博物馆, 场馆展馆",
上海,上海 · XG《The First HOWL》世界巡回演唱会安可场上海站,新国际博览中心/世博园,距市中心5.0km,"31.19446, 121.499982",0,0.0,6.1,https://dimg04.c-ctrip.com/images/0102312000dg80eziF1F8.jpg,False,0,0,,演唱会,
上海,蓝精灵乐园-上海世茂精灵之城主题乐园,佘山/松江大学城,距市中心35.3km,"31.067922, 121.166012",2713,4.5,6.0,https://dimg04.c-ctrip.com/images/100o1f000001gp24t45D7.jpg,False,159.0,170.0,上海亲子景点榜 No.16,"遛娃宝藏地, 游乐场",4A
上海,上海电影博物馆,徐家汇地区,距市中心6.0km,"31.192519, 121.44453",1551,4.7,6.0,https://dimg04.c-ctrip.com/images/0100n120009gifbh2A59F.jpg,False,60.0,60.0,上海亲子景点榜 No.17,"博物馆, 场馆展馆",
上海,上海 · 胡夏2025《那些年·时光放映厅》巡回演唱会,前滩,距市中心8.3km,"31.161852, 121.48398",0,0.0,6.0,https://dimg04.c-ctrip.com/images/0103u12000ifwjl8o9E7E.jpg,False,480.0,0,,演唱会,
上海,上海 ·  陈小春2025《生·旦·净·末·丑》巡回演唱会,前滩,距市中心8.3km,"31.161852, 121.48398",0,0.0,6.0,https://dimg04.c-ctrip.com/images/0101812000cf2q7bqAAFC.png,False,0,0,,演唱会,
上海,新天地,淮海路/新天地地区,距市中心1.0km,"31.227165, 121.481244",1200,4.7,6.0,https://dimg04.c-ctrip.com/images/100j11000000qb56w9951.jpg,True,0,0,,"城市漫步, 夜游观景",
上海,上海老街(人民路),豫园地区,距市中心1.6km,"31.230123, 121.495451",1079,4.7,6.0,https://dimg04.c-ctrip.com/images/0103k120008c4lc665714.jpg,True,0,0,,"城市漫步, 夜游观景",
上海,威尼斯小镇,长风公园地区,距市中心9.1km,"31.236542, 121.384226",12714,4.7,6.0,https://dimg04.c-ctrip.com/images/100s0z000000ns8d36D9B.jpg,True,0,0,,"城市漫步, 地标观景",
上海,世博文化公园,新国际博览中心/世博园,距市中心5.5km,"31.187285, 121.483719",147,4.4,6.0,https://dimg04.c-ctrip.com/images/0100a12000f6ps3gm66B3.jpg,True,0,0,,赏花胜地,
上海,上海温室花园,新国际博览中心/世博园,距市中心5.8km,"31.184233, 121.481256",261,4.7,6.0,https://dimg04.c-ctrip.com/images/1lo2612000feu05ohF876.jpg,False,98.0,98.0,上海近期热门景点榜 No.2,"踏青必去, 赏花胜地",
上海,上海 · 2025 苏醒NothingMore巡回演唱会-上海站,大宁国际商业区,距市中心7.1km,"31.297901, 121.459688",0,0.0,5.9,https://dimg04.c-ctrip.com/images/0100312000ii85wtm86AA.jpg,False,480.0,0,,演唱会,
上海,上海玛雅海滩水公园,佘山/松江大学城,距市中心29.2km,"31.101182, 121.217086",6755,4.5,5.9,https://dimg04.c-ctrip.com/images/01027120008ntdg0wEA56.jpg,False,249.0,0,,水乐园,
上海,中华艺术宫,新国际博览中心/世博园,距市中心5.5km,"31.190005, 121.501315",517,4.6,5.9,https://dimg04.c-ctrip.com/images/fd/tg/g1/M08/C8/F7/CghzflWww1GATHPPABnveZ3DOw0100.jpg,True,0,0,,,
上海,世博会博物馆,打浦桥地区,距市中心4.1km,"31.200168, 121.488517",521,4.7,5.9,https://dimg04.c-ctrip.com/images/0101l12000aja0ph35BBA.jpg,True,0,0,上海近期热门景点榜 No.8,"博物馆, 场馆展馆",
上海,上海 · 音乐剧《悲惨世界》40周年纪念版音乐会,人民广场地区,距市中心209m,"31.235344, 121.478399",0,0.0,5.8,https://dimg04.c-ctrip.com/images/0100r12000igmawyc19DB.png,False,0,0,,"演出, 话剧",
上海,上海 · 孙燕姿《就在日落以后》巡回演唱会,徐家汇地区,距市中心6.2km,"31.187715, 121.448402",0,0.0,5.8,https://dimg04.c-ctrip.com/images/0100212000d4way8f3799.jpg,False,0,0,,演唱会,
上海,上海赏银杏,上海,中国,"31.68975, 121.487563",0,0.0,5.8,https://dimg04.c-ctrip.com/images/0102a12000gzp6eeeBD79.jpg,False,0,0,上海特色体验榜 No.4,,
上海,震旦博物馆,陆家嘴,距市中心2.5km,"31.240502, 121.506116",451,4.8,5.8,https://dimg04.c-ctrip.com/images/0102x12000b95brei35D9.jpg,False,60.0,60.0,,"博物馆, 地标观景",
上海,上海 · 毛不易「冒险精神」巡回演唱会,新国际博览中心/世博园,距市中心5.4km,"31.1889, 121.493258",0,0.0,5.8,https://dimg04.c-ctrip.com/images/0104n12000d4uvjqr6974.jpg,False,0,0,,演唱会,
上海,上海城隍庙道观,豫园地区,距市中心1.9km,"31.231471, 121.499034",1398,4.7,5.8,https://dimg04.c-ctrip.com/images/0106x12000fe389h1BD51.jpg,False,0,0,,"历史建筑, 夜游观景",
上海,上海旗袍体验,上海,中国,"31.1929, 121.491182",0,0.0,5.8,https://dimg04.c-ctrip.com/images/0101812000ge4giqk1DB3.jpg,False,0,0,上海特色体验榜 No.5,,
上海,上海马戏城,大宁国际商业区,距市中心5.7km,"31.284343, 121.458227",414,4.6,5.8,https://dimg04.c-ctrip.com/images/0104d120009yqfloqC381.jpg,False,361.0,380.0,,地标观景,
上海,上海 · CAS 乐队 | X's 上海演唱会,前滩,距市中心8.1km,"31.163254, 121.48578",0,0.0,5.8,https://dimg04.c-ctrip.com/images/0104f12000ipss5d09CBA.png,False,0,0,,演唱会,
上海,梅赛德斯-奔驰文化中心,新国际博览中心/世博园,距市中心5.0km,"31.194375, 121.499852",218,4.5,6.9,https://dimg04.c-ctrip.com/images/1002080000002yy224757.jpg,True,0,0,上海夜游必打卡榜 No.8,"地标观景, 夜游观景",
上海,上海环球金融中心,陆家嘴,距市中心3.3km,"31.240165, 121.514263",6021,4.6,5.7,https://dimg04.c-ctrip.com/images/0100j120008tw8io4017B.jpg,True,0,0,,"遛娃宝藏地, 地标观景",
上海,上海城市历史发展陈列馆,陆家嘴,距市中心2.7km,"31.245327, 121.50637",157,4.7,5.7,https://dimg04.c-ctrip.com/images/0103712000f6qlq2f6556.jpg,False,35.0,0,,场馆展馆,
上海,思南公馆,淮海路/新天地地区,距市中心1.9km,"31.220355, 121.475026",437,4.7,5.7,https://dimg04.c-ctrip.com/images/100f10000000osmdxA2DA.jpg,True,0,0,,历史建筑,
上海,上海四行仓库抗战纪念馆,上海火车站地区,距市中心1.1km,"31.246317, 121.478014",292,0,5.7,https://dimg04.c-ctrip.com/images/01073120008ibw1u3405F.jpg,True,0,0,,,
上海,上海赏枫叶,上海,中国,"31.325266, 121.557183",0,0.0,5.7,https://dimg04.c-ctrip.com/images/0100e120008ioi5iiFFAB.jpg,False,0,0,上海特色体验榜 No.6,,
上海,上海赏腊梅,上海,中国,"31.34461, 121.376489",0,0.0,5.7,https://dimg04.c-ctrip.com/images/0103o12000hmdk5p75E31.jpg,False,0,0,上海特色体验榜 No.7,,
上海,上海 · 2025苏见信「尽兴而活」巡回演唱会-上海站,前滩,距市中心8.3km,"31.161852, 121.48398",0,0.0,5.6,https://dimg04.c-ctrip.com/images/0101212000ip910pn2613.png,False,0,0,,演唱会,
上海,黄浦江游览（金陵东路码头）,外滩核心区,距市中心1.9km,"31.238017, 121.499784",359,4.7,5.7,https://dimg04.c-ctrip.com/images/0102s12000f6q7xqzE259.jpg,False,100.0,100.0,,"夜游观景, 乘船游览 ",
上海,上海长风海洋世界,长风公园地区,距市中心7.3km,"31.23061, 121.40356",4330,4.2,5.6,https://dimg04.c-ctrip.com/images/1lo2h12000hoymrspA6DD.jpg,False,160.0,200.0,上海亲子景点榜 No.18,"萌萌动物, 遛娃宝藏地",
上海,外白渡桥,外滩核心区,距市中心2.2km,"31.24957, 121.49699",1238,4.7,5.6,https://dimg04.c-ctrip.com/images/100f1f000001gqbop5073.jpg,True,0,0,北外滩旅游度假区夜游必打卡榜 No.1,"地标观景, 夜游观景",
上海,上海 · 阿波罗尼亚前传：环境式驻演音乐剧《桑塔露琪亚》,人民广场地区,距市中心335m,"31.234047, 121.478012",1,4.0,5.6,https://dimg04.c-ctrip.com/images/0104z12000cpbqgml73F0.png,False,0,0,,"演出, 话剧",
上海,武康大楼,衡山路地区,距市中心4.4km,"31.210823, 121.444642",357,4.7,5.6,https://dimg04.c-ctrip.com/images/100l1f000001gqflzF98B.jpg,True,0,0,,历史建筑,
上海,【上海】《金字塔之巅：古埃及文明大展》展览,人民广场地区,距市中心296m,"31.23419, 121.482126",579,4.5,5.6,https://dimg04.c-ctrip.com/images/0102b12000eismru9FCA5.png,False,148.0,148.0,,"特色展馆, 展览",
上海,上海玻璃博物馆,吴淞口国际邮轮港,距市中心12.6km,"31.349808, 121.478617",1126,4.4,5.5,https://dimg04.c-ctrip.com/images/0101812000f6sefsmC1C9.jpg,False,80.0,80.0,上海亲子景点榜 No.19,"展馆展览, 遛娃宝藏地",4A
上海,「上海首展」中国国家地理·探索 极致发现科学艺术影像展,北外滩地区,距市中心1.4km,"31.248359, 121.485096",20,4.9,5.5,https://dimg04.c-ctrip.com/images/1me2p12000fm7laxd4F03.jpg,False,78.0,0.0,,"特色展馆, 展览",
上海,《不眠之夜》,静安寺/南京西路,距市中心1.7km,"31.236383, 121.462295",167,4.6,5.5,https://dimg04.c-ctrip.com/images/100l10000000oseml5D7C.jpg,False,625.0,790.0,上海夜游必打卡榜 No.18,"演出, 沉浸式戏剧",
上海,上海星空艺术馆,人民广场地区,距市中心1.2km,"31.242563, 121.490424",367,4.2,5.5,https://dimg04.c-ctrip.com/images/01071120009dwsosfACA8.jpg,False,39.8,68.0,上海亲子景点榜 No.20,"特色展馆, 场馆展馆",
上海,申城观光双层巴士,陆家嘴,距市中心2.8km,"31.245045, 121.507363",195,4.3,5.5,https://dimg04.c-ctrip.com/images/0104f120004ifyfgq809B.jpg,False,49.0,50.0,,巴士观光,
上海,中国共产党第一次全国代表大会会址,淮海路/新天地地区,距市中心1.2km,"31.226053, 121.481828",0,0,,https://dimg04.c-ctrip.com/images/1lo0b12000bcucrzv7221.jpg,True,0,0,,,5A
上海,东平国家森林公园,崇明岛/长兴岛/横沙岛,距市中心50.5km,"31.68975, 121.487563",3191,4.5,5.5,https://dimg04.c-ctrip.com/images/0106y1200095xa3v1AFCB.jpg,False,50.0,70.0,崇明岛亲子景点榜 No.1,"踏青必去, 赏花胜地",4A
上海,上海观复博物馆,陆家嘴,距市中心3.1km,"31.239252, 121.512317",846,4.7,5.5,https://dimg04.c-ctrip.com/images/0102d12000f6ta0n86C6F.jpg,False,88.0,100.0,,"博物馆, 场馆展馆",
上海,上海宋庆龄故居纪念馆,衡山路地区,距市中心4.4km,"31.210363, 121.445316",205,0,5.4,https://dimg04.c-ctrip.com/images/0105v12000h4f5y4c3F89.jpg,False,0,0,,,4A
上海,马勒别墅,淮海路/新天地地区,距市中心1.9km,"31.229207, 121.462775",598,4.6,5.4,https://dimg04.c-ctrip.com/images/100j0r000000gp6kmCB9B.jpg,False,0,0,,"历史建筑, 夜游观景",
上海,比斯特上海购物村,迪士尼度假区,距市中心22.1km,"31.145975, 121.686884",504,4.7,5.4,https://dimg04.c-ctrip.com/images/1lo5o12000hdpvias878D.jpg,True,0,0,,地标观景,4A
上海,朵云书院·旗舰店,陆家嘴,距市中心3.0km,"31.239184, 121.512016",17,4.5,5.5,https://dimg04.c-ctrip.com/images/0102j12000b8msfki9A17.jpg,True,0,0,,,
上海,上海辰山植物园,佘山/松江大学城,距市中心32.7km,"31.081656, 121.189029",3620,4.7,5.4,https://dimg04.c-ctrip.com/images/0105f12000h4uay60360C.jpg,False,60.0,60.0,,"遛娃宝藏地, 赏花胜地",4A
上海,东方明珠259米全透明悬空观光廊,陆家嘴,距市中心2.7km,"31.245479, 121.506313",393,4.7,5.4,https://dimg04.c-ctrip.com/images/100i1f000001gp5389235.jpg,False,0,0,,"地标观景, 夜游观景",
上海,“快乐船长”黄浦江游船,外滩核心区,距市中心2.7km,"31.231249, 121.507829",869,4.1,5.4,https://dimg04.c-ctrip.com/images/1lo0o12000c7koao94188.jpg,False,328.0,0,,"夜游观景, 乘船游览 ",
上海,上海体育馆（上海大舞台）,徐家汇地区,距市中心6.4km,"31.187901, 121.44466",45,4.4,5.4,https://dimg04.c-ctrip.com/images/01011120009e0wv1b4764.jpg,True,0,0,,场馆展馆,
上海,安徒生童话乐园,江湾/五角场商业区,距市中心11.0km,"31.329548, 121.517837",1313,4.0,5.3,https://dimg04.c-ctrip.com/images/0102812000a394t3uA3B2.jpg,False,75.0,180.0,,"遛娃宝藏地, 游乐场",
上海,2025 F1 喜力中国大奖赛,,距市中心26.5km,"31.343655, 121.23171",0,0.0,5.3,https://dimg04.c-ctrip.com/images/0106t12000inownv670CD.jpg,False,0,0,,赛事,
上海,锦江乐园,上海火车南站地区,距市中心11.8km,"31.145542, 121.415479",3562,4.3,5.3,https://dimg04.c-ctrip.com/images/10071f000001h6wlz30A3.jpg,False,110.0,0,,"遛娃宝藏地, 游乐场",4A
上海,上海琉璃艺术博物馆,打浦桥地区,距市中心2.5km,"31.213833, 121.476865",704,4.4,5.3,https://dimg04.c-ctrip.com/images/350w1b000001aaixh271B.jpg,False,54.0,60.0,,"特色展馆, 博物馆",
上海,金山城市沙滩,金山城市沙滩地区,距市中心59.3km,"30.714121, 121.35589",1634,4.3,5.3,https://dimg04.c-ctrip.com/images/0101012000h46334b7EC5.jpg,False,10.0,0.0,,"遛娃宝藏地, 海滨沙滩",4A
上海,上海 · “新·国风”音乐剧《锦衣卫之刀与花》,徐家汇地区,距市中心5.3km,"31.199211, 121.446443",0,0.0,5.3,https://dimg04.c-ctrip.com/images/0106m12000fp9lcb42260.png,False,0,0,,"演出, 话剧",
上海,上海 · Standby小鹿脱口秀专场  《我的中女时代》,前滩,距市中心8.9km,"31.156571, 121.49152",0,0.0,5.3,https://dimg04.c-ctrip.com/images/0104e12000ikg7mt13772.jpg,False,0,0,,"演出, 脱口秀",
上海,滴水湖,滴水湖临港地区,距市中心58.4km,"30.898692, 121.948201",339,4.5,5.3,https://dimg04.c-ctrip.com/images/0104s120008aolm6q4AF9.jpg,True,0,0,,"踏青必去, 自然山水",
上海,枫泾古镇,金山枫泾古镇地区,距市中心58.0km,"30.893215, 121.022069",917,4.3,5.3,https://dimg04.c-ctrip.com/images/10021f000001gxcsa66B7.jpg,True,0,0,上海近期热门景点榜 No.3,"踏青必去, 古镇古村",4A
上海,上海 · Storm/良言/贤鱼爆笑领衔 | 综艺卡司脱口秀-喜剧联盒国,淮海路/新天地地区,距市中心1.2km,"31.226824, 121.485735",0,0.0,5.2,https://dimg04.c-ctrip.com/images/0106n12000iiw4u700AA4.jpg,False,0,0,,"演出, 脱口秀",
上海,世纪公园,新国际博览中心/世博园,距市中心7.7km,"31.222046, 121.558979",7881,4.8,5.2,https://dimg04.c-ctrip.com/images/0105312000f6pxf2g5707.jpg,True,0,0,,"遛娃宝藏地, 赏花胜地",4A
上海,【上海】《JINKY HUANG x HELLO KITTY |「柘柘之境」》展览,淮海路/新天地地区,距市中心1.2km,"31.226616, 121.475495",2,5.0,5.2,https://dimg04.c-ctrip.com/images/0104w12000gajm8i9843F.png,False,0,0,,"特色展馆, 展览",
上海,上海共青森林公园,江湾/五角场商业区,距市中心12.4km,"31.325265, 121.55837",2005,4.8,5.2,https://dimg04.c-ctrip.com/images/1lo4n12000dkturut528C.jpg,True,0,0,,"遛娃宝藏地, 踏青必去",4A
上海,叙宴(上海旗舰店),大宁国际商业区,距市中心7.2km,"31.300401, 121.465053",476,5.0,5.2,https://dimg04.c-ctrip.com/images/1lo1n12000eccd8ijB1B8.jpg,False,398.0,698.0,上海夜游必打卡榜 No.19,踏青必去,
上海,上海大观园,青浦朱家角/东方绿舟,距市中心56.5km,"31.079491, 120.916603",2063,4.6,5.2,https://dimg04.c-ctrip.com/images/1lo7212000dpymylh0B47.jpg,False,50.0,55.0,,"踏青必去, 园林花园",4A
上海,安福路,淮海路/新天地地区,距市中心3.4km,"31.220296, 121.44986",139,4.7,5.2,https://dimg04.c-ctrip.com/images/1A091800000159evl2D51.jpg,True,0,0,,"赏花胜地, 城市漫步",
上海,静安雕塑公园,静安寺/南京西路,距市中心1.0km,"31.240967, 121.47046",423,4.7,5.2,https://dimg04.c-ctrip.com/images/0105112000eyqi9ta2957.jpg,True,0,0,,赏花胜地,
上海,上海邮政博物馆,北外滩地区,距市中心1.9km,"31.25014, 121.491381",411,4.7,5.2,https://dimg04.c-ctrip.com/images/0104212000ilmfpkk6B58.jpg,True,0,0,北外滩旅游度假区亲子景点榜 No.1,"博物馆, 场馆展馆",
上海,苏州河,外滩核心区,距市中心2.0km,"31.249829, 121.493465",745,4.7,5.2,https://dimg04.c-ctrip.com/images/10051f000001gssqv8B10.jpg,True,0,0,,"赏花胜地, 自然山水",
上海,奈尔宝儿童科技馆(上海店),上海火车南站地区,距市中心7.5km,"31.170115, 121.467226",77,4.3,5.2,https://dimg04.c-ctrip.com/images/0105z12000a8ymoliF6AA.jpg,False,198.0,498.0,,科技馆,
上海,上海市历史博物馆,人民广场地区,距市中心253m,"31.236678, 121.477587",422,0,5.2,https://dimg04.c-ctrip.com/images/1lo1x12000c4pj4y6F084.jpg,True,0,0,,"博物馆, 场馆展馆",
上海,时空缆车,滴水湖临港地区,距市中心54.2km,"30.918408, 121.910114",678,4.5,5.2,https://dimg04.c-ctrip.com/images/01033120009bwuwg7D908.jpg,False,0,0,,夜游观景,
上海,上海 · keshi 2025《REQUIEM》巡演,新国际博览中心/世博园,距市中心5.0km,"31.19446, 121.499982",0,0.0,5.2,https://dimg04.c-ctrip.com/images/0104312000iqcovuz0FDA.jpg,False,0,0,,演唱会,
上海,上海沉浸式戏剧体验,上海,中国,"31.016708, 121.318804",0,0.0,5.2,https://dimg04.c-ctrip.com/images/100g10000000osxku5B00.jpg,False,0,0,上海特色体验榜 No.8,,
上海,“水晶公主”黄浦江游船,外滩核心区,距市中心2.7km,"31.231249, 121.507942",117,4.1,5.2,https://dimg04.c-ctrip.com/images/01063120008ecuppd385E.jpg,False,374.5,438.0,上海夜游必打卡榜 No.20,"夜游观景, 乘船游览 ",
上海,碧海金沙,奉贤开发区,距市中心45.8km,"30.830184, 121.556153",1241,4.2,5.1,https://dimg04.c-ctrip.com/images/100g1f000001gqwyzBFCB.jpg,False,30.0,0,,海滨沙滩,4A
上海,上海 · 音乐剧《SIX》,静安寺/南京西路,距市中心1.7km,"31.235915, 121.462748",1,5.0,5.1,https://dimg04.c-ctrip.com/images/0102912000g910j4o2CA6.png,False,0,0,,"演出, 话剧",
上海,1192弄老上海风情街(世纪汇广场店),陆家嘴,距市中心5.0km,"31.234083, 121.532799",375,4.6,5.1,https://dimg04.c-ctrip.com/images/1A0g1c000001dzeln4C7E.jpg,True,0,0,,城市漫步,
上海,东滩湿地公园,崇明岛/长兴岛/横沙岛,距市中心55.6km,"31.522824, 121.958816",1543,4.2,5.1,https://dimg04.c-ctrip.com/images/100t1h000001hlkx4C8E7.jpg,False,45.0,50.0,,"赏花胜地, 植物园",4A
上海,超级时空魔方(上海元宇宙体验馆),北外滩地区,距市中心3.2km,"31.254715, 121.505563",113,3.7,5.1,https://dimg04.c-ctrip.com/images/01A4812000b5rfkizAFC9.jpg,False,98.0,0.0,,"特色展馆, 夜游观景",
上海,上海 · 音乐剧《时光代理人》,淮海路/新天地地区,距市中心907m,"31.228258, 121.479242",0,0.0,5.1,https://dimg04.c-ctrip.com/images/0100p12000cfv919m3C9A.jpg,False,0,0,,"演出, 话剧",
上海,上海 · 林志炫ONEtake2.0《我忘了我已老去》巡回演唱会,,距市中心8.3km,"31.161852, 121.48398",0,0.0,5.1,https://dimg04.c-ctrip.com/images/0106012000bvkvob6C552.png,False,0,0,,演唱会,
上海,上海参观民国建筑,上海,中国,"31.243453, 121.497204",0,0.0,5.1,https://dimg04.c-ctrip.com/images/100s0f0000007gibsA35A.jpg,False,0,0,上海特色体验榜 No.9,,
上海,上海赏水杉,上海,中国,"31.325265, 121.55837",0,0.0,5.1,https://dimg04.c-ctrip.com/images/0101412000heo38xpD2E0.jpg,False,0,0,上海特色体验榜 No.10,,
上海,徐家汇书院,徐家汇地区,距市中心5.6km,"31.197035, 121.443535",49,4.7,5.1,https://dimg04.c-ctrip.com/images/0106f12000f29wglyE4F7.jpg,True,0,0,,,
上海,351米太空舱,陆家嘴,距市中心2.7km,"31.245215, 121.506569",64,4.5,5.0,https://dimg04.c-ctrip.com/images/01064120005zur6b6B8E1.jpg,False,299.0,399.0,,"科技馆, 地标观景",
上海,上海 · 后街男孩-NICK CARTER 尼克·卡特WHO IAM 巡回音乐会·上海站,前滩,距市中心8.9km,"31.156571, 121.49152",0,0.0,5.0,https://dimg04.c-ctrip.com/images/0100k12000ie99aew0680.png,False,0,0,,演唱会,
上海,上海 · 迈克学摇滚《Take us to your heart》巡演,虹桥机场/国家会展中心,距市中心17.0km,"31.196089, 121.308381",0,0.0,5.0,https://dimg04.c-ctrip.com/images/0101812000dg80fviDCFA.jpg,False,0,0,,演唱会,
上海,上海佛罗伦萨小镇,浦东机场核心区,距市中心28.0km,"31.202391, 121.771214",149,4.6,5.0,https://dimg04.c-ctrip.com/images/0101z12000a2ju8jj7D98.jpg,True,0,0,,地标观景,
上海,红皇后御花园,迪士尼度假区,距市中心20.1km,"31.150743, 121.665995",14066,4.8,5.0,https://dimg04.c-ctrip.com/images/0104o12000f6ptuliAE37.jpg,False,0,0,,"游乐场, 夜游观景",
上海,东方绿舟景区,青浦朱家角/东方绿舟,距市中心46.1km,"31.114697, 121.017139",2938,4.6,5.0,https://dimg04.c-ctrip.com/images/1lo0112000i3mwp07AEE5.jpg,False,45.0,50.0,,"遛娃宝藏地, 踏青必去",4A
上海,上海 · Gracie Abrams《The Secret of Us》巡演,虹桥机场/国家会展中心,距市中心12.3km,"31.226527, 121.351939",0,0.0,5.0,https://dimg04.c-ctrip.com/images/0104i12000dg855o0C533.jpg,False,0,0,,演唱会,
上海,龙华寺,徐家汇地区,距市中心6.5km,"31.181637, 121.458265",303,4.7,5.0,https://dimg04.c-ctrip.com/images/0106412000f6scl5v6F4B.jpg,True,0,0,,历史建筑,
上海,ERA-时空之旅,大宁国际商业区,距市中心5.7km,"31.284193, 121.458224",251,4.7,5.0,https://dimg04.c-ctrip.com/images/0103k120008wysbs566A6.jpg,False,361.0,380.0,,"演出, 现场演出",
上海,思南路,淮海路/新天地地区,距市中心2.0km,"31.21888, 121.475399",412,4.8,5.0,https://dimg04.c-ctrip.com/images/0105t12000f6ql3oh9EDC.jpg,True,0,0,,城市漫步,
上海,愚园路历史风貌保护区,静安寺/南京西路,距市中心3.5km,"31.227889, 121.444429",429,4.7,4.9,https://dimg04.c-ctrip.com/images/0103v12000f6tu82iDF11.jpg,True,0,0,,城市漫步,
上海,七个小矮人矿山车,迪士尼度假区,距市中心20.1km,"31.151056, 121.666178",192,4.7,4.9,https://dimg04.c-ctrip.com/images/100s0t000000ivq3dF1C2.jpg,False,0,0,,,
上海,迪士尼朋友见面处,迪士尼度假区,距市中心20.4km,"31.149149, 121.668412",15180,4.8,4.9,https://dimg04.c-ctrip.com/images/0103y120008fy96t6EDA2.jpg,False,0,0,,夜游观景,
上海,深坑秘境乐园-上海世茂精灵之城主题乐园,佘山/松江大学城,距市中心35.9km,"31.063856, 121.161784",2141,3.9,4.9,https://dimg04.c-ctrip.com/images/350815000000y3krp45F1.jpg,False,120.0,130.0,,"遛娃宝藏地, 游乐场",
上海,国家会展中心(上海),虹桥机场/国家会展中心,距市中心17.0km,"31.196105, 121.3084",257,4.6,4.9,https://dimg04.c-ctrip.com/images/0100q12000f6qy7sl3AB7.jpg,True,0,0,,"地标观景, 场馆展馆",
上海,外滩万国建筑博览群,外滩核心区,距市中心1.8km,"31.244866, 121.495864",618,4.8,4.9,https://dimg04.c-ctrip.com/images/fd/tg/g2/M07/8A/FB/Cghzf1Ww2y6AIG2mABTkcdef0e4223.jpg,True,0,0,,"城市漫步, 夜游观景",
上海,Paradox Museum 悖论博物馆,淮海路/新天地地区,距市中心1.4km,"31.225906, 121.471762",48,4.5,4.9,https://dimg04.c-ctrip.com/images/1lo3k12000fqx1p8dD50A.png,False,188.0,0,,"博物馆, 场馆展馆",
上海,上海 · 音乐剧《寻找李二狗》,衡山路地区,距市中心2.3km,"31.218227, 121.468812",0,0.0,4.9,https://dimg04.c-ctrip.com/images/0106t12000ihqks4fF5CE.jpg,False,0,0,,"演出, 话剧",
上海,淮海路,淮海路/新天地地区,距市中心1.4km,"31.224781, 121.476199",577,4.7,4.9,https://dimg04.c-ctrip.com/images/100e0y000000lxc8x9D09.jpg,True,0,0,,城市漫步,
上海,加勒比海盗——沉落宝藏之战,迪士尼度假区,距市中心20.3km,"31.151686, 121.668287",209,4.8,4.9,https://dimg04.c-ctrip.com/images/100c1f000001gswgo8BD6.jpg,False,0,0,,,
上海,上海 · 沉浸式悬疑惊悚音乐剧《嗜血博士》,人民广场地区,距市中心604m,"31.241568, 121.481872",0,0.0,4.9,https://dimg04.c-ctrip.com/images/0105312000feuazhaA48F.jpg,False,0,0,,"演出, 话剧",
上海,SKY RING 屋顶摩天轮,北外滩地区,距市中心1.6km,"31.250414, 121.478586",593,4.3,4.8,https://dimg04.c-ctrip.com/images/100s080000003c2g9CA30.jpg,False,60.0,80.0,,"地标观景, 夜游观景",
上海,“龙船”黄浦江游船,,距市中心3.2km,"31.227439, 121.511876",335,4.4,4.8,https://dimg04.c-ctrip.com/images/0105i120008ectz1512F7.jpg,False,264.0,320.0,,"夜游观景, 乘船游览 ",
上海,上海 · 开心麻花喜剪吹沉浸剧场《疯狂理发店》,北外滩地区,距市中心4.5km,"31.270062, 121.505281",0,0.0,4.8,https://dimg04.c-ctrip.com/images/0102w12000iiwzl0hD022.png,False,0,0,,"演出, 沉浸式戏剧",
上海,《虎鲸传奇》,滴水湖临港地区,距市中心54.0km,"30.919137, 121.908205",352,4.7,4.8,https://dimg04.c-ctrip.com/images/100v1f000001h1b2w3A53.jpg,False,0,0,,科技馆,
上海,上海外滩美术馆,外滩核心区,距市中心1.8km,"31.246906, 121.494096",483,4.7,4.8,https://dimg04.c-ctrip.com/images/10091f000001gsnwn7FE0.jpg,False,0,0,,"特色展馆, 场馆展馆",
上海,浦江郊野公园,浦江镇地区,距市中心20.4km,"31.054805, 121.514275",1107,4.4,4.8,https://dimg04.c-ctrip.com/images/0100612000f76nx0z27BD.jpg,True,0,0,,"遛娃宝藏地, 踏青必去",4A
上海,上海奇迹花园,浦江镇地区,距市中心19.8km,"31.060675, 121.514244",1664,4.4,4.8,https://dimg04.c-ctrip.com/images/1lo5812000dhzo0k075C9.jpg,False,50.0,50.0,,"遛娃宝藏地, 踏青必去",4A
上海,南京西路,静安寺/南京西路,距市中心2.0km,"31.233077, 121.459849",91,4.6,4.8,https://dimg04.c-ctrip.com/images/0105512000ik183o4B481.jpg,True,0,0,,城市漫步,
上海,上海 · 陈明2025《等你爱我》巡回演唱会,静安寺/南京西路,距市中心2.1km,"31.23306, 121.458379",0,0.0,4.8,https://dimg04.c-ctrip.com/images/0104c12000cf2qfcpD82B.png,False,0,0,,演唱会,
上海,远望1号,打浦桥地区,距市中心4.2km,"31.200342, 121.495643",209,4.7,4.8,https://dimg04.c-ctrip.com/images/0100612000f6s1lb8D8AE.jpg,False,0,0,,"夜游观景, 乘船游览 ",
上海,水裹·汤泉生活,虹桥机场/国家会展中心,距市中心15.9km,"31.195997, 121.320354",75,4.4,4.8,https://dimg04.c-ctrip.com/images/01072120008u51g2sFE3D.jpg,False,279.0,0.0,,洗浴泡汤,
上海,上海犹太难民纪念馆,北外滩地区,距市中心4.3km,"31.259707, 121.515776",556,4.7,4.8,https://dimg04.c-ctrip.com/images/0104p120008cu2drw1517.jpg,False,20.0,20.0,,,4A
上海,东林寺,金山枫泾古镇地区,距市中心47.6km,"30.900406, 121.172228",697,4.7,4.8,https://dimg04.c-ctrip.com/images/1A0p1a0000018yzig2063.jpg,False,26.0,30.0,,历史建筑,4A
上海,徐家汇天主教堂,徐家汇地区,距市中心5.6km,"31.1975, 121.442629",405,4.6,4.8,https://dimg04.c-ctrip.com/images/100r1c000001ds3cpD2AF.jpg,True,0,0,,,
上海,《亲密的奥黛丽·赫本》,外滩核心区,距市中心1.5km,"31.243498, 121.493842",16,4.9,4.8,https://dimg04.c-ctrip.com/images/1lo5u12000h8uobnwF993.jpg,False,79.0,99.0,,"特色展馆, 展览",
上海,西沙明珠湖景区,崇明岛/长兴岛/横沙岛,距市中心60.2km,"31.743662, 121.260028",711,4.7,4.8,https://dimg04.c-ctrip.com/images/100u1f000001gq6ugBB02.jpg,True,0,0,,"遛娃宝藏地, 踏青必去",5A
上海,星愿公园,迪士尼度假区,距市中心20.9km,"31.142785, 121.670336",16837,4.7,4.8,https://dimg04.c-ctrip.com/images/100m1f000001gzmmtCC2D.jpg,False,0,0,,夜游观景,
上海,秦潮觉醒XR大型沉浸式探索体验(衡山路店),徐家汇地区,距市中心4.5km,"31.20642, 121.449555",3,4.7,4.8,https://dimg04.c-ctrip.com/images/1lo5x12000e0g7xte01EB.png,False,178.0,298.0,,"特色展馆, 展览",
上海,上海 · 普通话/上海话 要玩喜剧脱口秀 | 精品剧场,人民广场地区,距市中心1.3km,"31.242868, 121.491091",0,0.0,4.7,https://dimg04.c-ctrip.com/images/0105o12000ilo93mn2F26.png,False,0,0,,"演出, 脱口秀",
上海,泰晤士小镇,佘山/松江大学城,距市中心34.2km,"31.039962, 121.204015",480,4.6,4.8,https://dimg04.c-ctrip.com/images/100c1f000001gsyucD378.jpg,True,0,0,,地标观景,
上海,顾村公园,顾村公园地区,距市中心15.6km,"31.34461, 121.376489",2892,4.5,4.7,https://dimg04.c-ctrip.com/images/100n0z000000ni777D3EE.jpg,False,20.0,0,上海近期热门景点榜 No.10,"遛娃宝藏地, 赏花胜地",4A
上海,上海展览中心,静安寺/南京西路,距市中心2.1km,"31.230961, 121.459249",487,4.6,4.7,https://dimg04.c-ctrip.com/images/0101a120008c4i9bsBE8F.jpg,True,0,0,,"特色展馆, 场馆展馆",
上海,邮政历史的宝藏展,北外滩地区,距市中心1.9km,"31.25014, 121.491381",0,0.0,4.7,https://dimg04.c-ctrip.com/images/0102l12000hyjcjtq0B7E.png,False,0,0,,"特色展馆, 展览",
上海,【上海】《罗丹：现代雕塑的启承》展览,新国际博览中心/世博园,距市中心5.1km,"31.190589, 121.485629",1,5.0,4.7,https://dimg04.c-ctrip.com/images/0104v12000hdnmjiuEA1D.jpg,False,106.0,120.0,,"特色展馆, 展览",
上海,上海海湾国家森林公园,奉贤开发区,距市中心45.8km,"30.868266, 121.693701",2681,4.4,4.7,https://dimg04.c-ctrip.com/images/0102h12000fathns65549.jpg,False,55.0,60.0,上海近期热门景点榜 No.6,"踏青必去, 赏花胜地",4A
上海,上海 · 2025华润饮料中超联赛上海海港队主场赛事,浦东金桥地区,距市中心12.4km,"31.238537, 121.610865",0,0.0,4.6,https://dimg04.c-ctrip.com/images/0102j12000dccjakx1598.png,False,0,0,,,
上海,小猪佩奇的玩趣世界,浦东金桥地区,距市中心7.9km,"31.247875, 121.562243",218,4.3,4.7,https://dimg04.c-ctrip.com/images/350v1b000001bh4q7C0C5.jpg,False,80.0,0.0,,"遛娃宝藏地, 儿童乐园",
上海,国家地理《百年魅力·天生出彩》经典影像大展 上海站,淮海路/新天地地区,距市中心2.1km,"31.222704, 121.46602",0,0.0,4.6,https://dimg04.c-ctrip.com/images/0102712000hqyxrc36616.png,False,0,0,,"特色展馆, 展览",
上海,静安体育中心,大宁国际商业区,距市中心7.1km,"31.297901, 121.459688",17,4.4,4.6,https://dimg04.c-ctrip.com/images/0103c120008qj3h547798.jpg,True,0,0,,场馆展馆,
上海,周浦花海,迪士尼度假区,距市中心20.6km,"31.12394, 121.652158",1075,4.2,4.6,https://dimg04.c-ctrip.com/images/1lo1n12000iscx8qvE994.jpg,False,29.9,60.0,,"遛娃宝藏地, 赏花胜地",
上海,上海梵高星空艺术馆,人民广场地区,距市中心616m,"31.241774, 121.481386",196,4.1,4.6,https://dimg04.c-ctrip.com/images/1lo6812000ekmekly08A2.jpg,False,49.9,120.0,,"特色展馆, 场馆展馆",
上海,和平饭店博物馆,外滩核心区,距市中心1.8km,"31.244696, 121.495976",98,4.7,4.6,https://dimg04.c-ctrip.com/images/0104d120008c4fho0D136.jpg,False,0,0,,"博物馆, 场馆展馆",
上海,玉佛禅寺,长寿路商业区,距市中心3.0km,"31.247802, 121.451536",309,4.7,4.6,https://dimg04.c-ctrip.com/images/1lo1312000b2dpp2fB050.jpg,True,0,0,,历史建筑,
上海,中山公园,中山公园商业区,距市中心5.3km,"31.228269, 121.425343",503,4.5,4.7,https://dimg04.c-ctrip.com/images/0104112000f6pv5rp2452.jpg,True,0,0,,"踏青必去, 赏花胜地",
上海,孙中山故居纪念馆,淮海路/新天地地区,距市中心1.7km,"31.222134, 121.474366",0,0,,https://dimg04.c-ctrip.com/images/0102k12000ik6fj770233.jpg,False,0,0,,历史建筑,
上海,上海 · 百老汇摇滚音乐剧《LIZZIE丽兹》环境式中文版,淮海路/新天地地区,距市中心887m,"31.228483, 121.478867",0,0.0,4.6,https://dimg04.c-ctrip.com/images/0101e12000cpbqglx4EAC.png,False,0,0,,"演出, 话剧",
上海,上海 · 高天佐《干杯2025》全国巡演,淮海路/新天地地区,距市中心1.4km,"31.223922, 121.481867",0,0.0,4.6,https://dimg04.c-ctrip.com/images/0100z12000i42nkhvF932.jpg,False,0,0,,livehouse,
上海,上海世博园,新国际博览中心/世博园,距市中心5.0km,"31.192592, 121.49329",249,0,4.6,https://dimg04.c-ctrip.com/images/0104h1200083k5dpf2E7F.jpg,True,0,0,,"夜游观景, 场馆展馆",
上海,陆家嘴中心绿地,陆家嘴,距市中心3.2km,"31.243648, 121.512991",11749,4.7,4.6,https://dimg04.c-ctrip.com/images/01A0f120008omdcauCEFD.jpg,True,0,0,,"遛娃宝藏地, 踏青必去",
上海,上海 · 米卡2025《一米》巡回演唱会,北外滩地区,距市中心3.8km,"31.25683, 121.511632",0,0.0,4.5,https://dimg04.c-ctrip.com/images/0102w12000cf2qcey9434.png,False,0,0,,演唱会,
上海,广富林文化展示馆,佘山/松江大学城,距市中心32.3km,"31.067229, 121.204319",126,4.7,4.5,https://dimg04.c-ctrip.com/images/0101j12000f6uh0ma160D.jpg,False,30.0,30.0,,"特色展馆, 场馆展馆",
上海,金陵东路渡口,外滩核心区,距市中心1.9km,"31.23815, 121.499825",61,4.5,4.5,https://dimg04.c-ctrip.com/images/100r0d0000006tdrx58DD.jpg,True,0,0,,"夜游观景, 乘船游览 ",
上海,上海 · 开心麻花爆笑舞台剧《飞谎腾达》,嘉定新城,距市中心18.0km,"31.310566, 121.311599",0,0.0,4.5,https://dimg04.c-ctrip.com/images/0103612000im9jsy9001D.png,False,0,0,,"演出, 话剧",
上海,云上海洋馆,莘庄工业区,距市中心15.7km,"31.10542, 121.420479",137,4.5,4.5,https://dimg04.c-ctrip.com/images/1lo0g12000bqhhas4763A.jpg,False,130.0,159.0,,,
上海,上海 · 【肆笑喜剧】【贰叁叁】丨南京东路丨爆笑脱口秀丨情侣约会,人民广场地区,距市中心<100m,"31.235996, 121.481065",0,0.0,4.5,https://dimg04.c-ctrip.com/images/0105k12000im9fmak86EE.jpg,False,0,0,,"演出, 脱口秀",
上海,上海 · 英文原版音乐剧《日落大道》,北外滩地区,距市中心3.8km,"31.25683, 121.511632",0,0.0,4.5,https://dimg04.c-ctrip.com/images/0102l12000ij6p4brD4D9.png,False,0,0,,"演出, 话剧",
上海,上海天文博物馆,佘山/松江大学城,距市中心30.7km,"31.100703, 121.199777",51,4.5,4.5,https://dimg04.c-ctrip.com/images/0100a12000ir71sstD44F.jpg,False,12.0,0,,"博物馆, 场馆展馆",
上海,上海图书馆,衡山路地区,距市中心3.8km,"31.213841, 121.451117",232,4.8,4.5,https://dimg04.c-ctrip.com/images/fd/tg/g2/M03/6F/2D/Cghzf1W4bVaAYn9xAAqoOfhnRPE157.jpg,True,0,0,,,
上海,新场古镇,南汇/野生动物园,距市中心28.1km,"31.031051, 121.65242",337,4.4,4.5,https://dimg04.c-ctrip.com/images/0100f12000f6qkgehEAA9.jpg,True,0,0,,古镇古村,
上海,上海潜艇展览馆,打浦桥地区,距市中心4.2km,"31.200446, 121.495276",17,4.5,4.5,https://dimg04.c-ctrip.com/images/1lo4c12000hhly156E0B6.jpg,False,80.0,0.0,,"特色展馆, 场馆展馆",
上海,上海植物园,上海火车南站地区,距市中心9.6km,"31.153891, 121.450991",558,4.6,4.5,https://dimg04.c-ctrip.com/images/0103212000ijbk25o248A.jpg,True,0,0,,"遛娃宝藏地, 踏青必去",4A
上海,上海直升机体验,上海,中国,"31.08621, 121.577041",0,0.0,4.5,https://dimg04.c-ctrip.com/images/1lo4r12000eyt1y3eBB3C.jpg,False,380.0,0.0,上海特色体验榜 No.11,,
上海,鲁迅公园,四川北路商业区,距市中心4.7km,"31.277476, 121.490155",522,4.5,4.5,https://dimg04.c-ctrip.com/images/1me4j12000cncraip5CC8.jpg,True,0,0,,赏花胜地,
上海,2025上海静安半程马拉松,大宁国际商业区,距市中心5.9km,"31.284691, 121.453243",0,0.0,4.4,https://dimg04.c-ctrip.com/images/0100b12000imaai4m3925.png,False,0,0,,赛事,
上海,上海 · 环境式光影艺术悬疑剧《禁忌的色彩》,淮海路/新天地地区,距市中心2.2km,"31.217025, 121.482813",0,0.0,4.4,https://dimg04.c-ctrip.com/images/0106q12000i8pdl9qCB67.png,False,0,0,,"演出, 话剧",
上海,上海 · 外百老汇悬疑音乐剧《危险游戏》中文版,淮海路/新天地地区,距市中心567m,"31.2347, 121.485942",0,0.0,4.4,https://dimg04.c-ctrip.com/images/0106s12000imbexdx4EBE.png,False,0,0,,"演出, 话剧",
上海,上海 · 东野圭吾暖心悬疑沉浸式话剧《新参者》,人民广场地区,距市中心475m,"31.234761, 121.475621",0,0.0,4.4,https://dimg04.c-ctrip.com/images/0107412000imb57dl1848.png,False,0,0,,"演出, 话剧",
上海,上海 · 环境式驻演音乐剧《灯塔》,人民广场地区,距市中心319m,"31.234264, 121.477969",0,0.0,4.4,https://dimg04.c-ctrip.com/images/0103s12000cpbqfmsCF1C.png,False,0,0,,"演出, 话剧",
上海,东昌路渡口,陆家嘴,距市中心2.8km,"31.235725, 121.510043",65,4.6,4.4,https://dimg04.c-ctrip.com/images/100s1f000001gx4ncF34A.jpg,False,0,0,,乘船游览 ,
上海,环球之旅《从巴黎出发》&《文明的印迹2.0：从金字塔到巴黎圣母院》展览,徐家汇地区,距市中心7.1km,"31.173712, 121.470201",0,0.0,4.4,https://dimg04.c-ctrip.com/images/0101212000hn4yuxxA8CA.png,False,0,0,,"特色展馆, 展览",
上海,光明生态园,迪士尼度假区,距市中心21.0km,"31.153128, 121.67779",14585,4.7,4.4,https://dimg04.c-ctrip.com/images/01073120008xgw5r9FD59.jpg,True,0,0,,夜游观景,
上海,上海蟠龙天地,虹桥机场/国家会展中心,距市中心19.4km,"31.195465, 121.282328",74,4.4,4.4,https://dimg04.c-ctrip.com/images/1me2j12000b2z3wwwD3CB.jpg,True,0,0,,古镇古村,
上海,SAGA光明之城行浸剧,光大会展中心/漕河泾地区,距市中心8.3km,"31.173453, 121.433262",47,4.7,4.4,https://dimg04.c-ctrip.com/images/1lo5m12000i2wytweBBB3.jpg,False,298.0,498.0,,,
上海,上海佘山国家森林公园,佘山/松江大学城,距市中心30.5km,"31.101349, 121.201875",361,4.6,4.4,https://dimg04.c-ctrip.com/images/0103q12000f6seoybE26D.jpg,True,0,0,,"踏青必去, 登高爬山",4A
上海,上海公安博物馆,打浦桥地区,距市中心3.6km,"31.20445, 121.474896",121,4.5,4.5,https://dimg04.c-ctrip.com/images/0105d12000a4odeuxBF6A.jpg,True,0,0,,"博物馆, 场馆展馆",
上海,【上海】《创世山海经》大型沉浸式光影艺术展,新国际博览中心/世博园,距市中心5.3km,"31.190696, 121.496046",0,0.0,4.3,https://dimg04.c-ctrip.com/images/0101812000havwdpz4875.png,False,78.0,0.0,,"特色展馆, 展览",
上海,海底世界馆,滴水湖临港地区,距市中心54.5km,"30.917795, 121.913342",32,4.5,4.4,https://dimg04.c-ctrip.com/images/01038120009bwt7geF2B3.jpg,False,0,0,,,
上海,太阳岛旅游度假区,青浦朱家角/东方绿舟,距市中心43.8km,"31.043069, 121.079444",315,4.4,4.3,https://dimg04.c-ctrip.com/images/0101x120009v6y49xC00E.jpg,False,30.0,30.0,,"遛娃宝藏地, 岛屿漫步",
上海,颠倒艺术馆(上海旗舰店),陆家嘴,距市中心2.5km,"31.242558, 121.505364",62,4.3,4.3,https://dimg04.c-ctrip.com/images/0100y12000aovp3eiF625.jpg,False,77.7,0.0,,"特色展馆, 场馆展馆",
上海,上海 · 英文原版音乐剧《芝加哥》,嘉定新城,距市中心24.1km,"31.358976, 121.271417",0,0.0,4.4,https://dimg04.c-ctrip.com/images/0101812000iifi0hg92B3.png,False,0,0,,"演出, 话剧",
上海,爱那里·变形金刚与小马宝莉欢乐世界,南汇/野生动物园,距市中心28.7km,"31.036959, 121.670502",84,4.1,4.3,https://dimg04.c-ctrip.com/images/1lo6z12000cgp19f29EB0.jpg,False,168.0,0,,游乐场,
上海,上海 · 环境式驻演原创音乐剧《辛吉路的画材店》,人民广场地区,距市中心340m,"31.233965, 121.478054",0,0.0,4.3,https://dimg04.c-ctrip.com/images/0102712000ccwvp495A99.png,False,0,0,,"演出, 话剧",
上海,"""永恒的巴黎圣母院""穿越时空沉浸式VR之旅",静安寺/南京西路,距市中心2.8km,"31.225356, 121.453336",3,4.7,4.3,https://dimg04.c-ctrip.com/images/1lo0a12000ig2e1ydB35D.jpg,False,238.0,268.0,,"特色展馆, 展览",
上海,漾·SPACE汤泉生活,陆家嘴,距市中心4.3km,"31.223158, 121.522903",10,4.3,4.5,https://dimg04.c-ctrip.com/images/0103s12000f6ujx9i27AC.jpg,False,399.0,0,,洗浴泡汤,
上海,上海世博展览馆,新国际博览中心/世博园,距市中心5.5km,"31.188396, 121.496502",93,4.5,4.3,https://dimg04.c-ctrip.com/images/0106y12000ij8o0av07CF.jpg,False,0,0,,"特色展馆, 地标观景",
上海,广富林水下博物馆,佘山/松江大学城,距市中心32.3km,"31.068785, 121.204291",19,4.7,4.3,https://dimg04.c-ctrip.com/images/0102j12000f6qha1034F0.jpg,False,0,0,,"博物馆, 场馆展馆",
上海,上海文化广场,衡山路地区,距市中心2.3km,"31.218189, 121.468673",167,4.6,4.3,https://dimg04.c-ctrip.com/images/0103o120008xhsky60443.jpg,False,0,0,,"演出, 场馆展馆",
上海,飞越上海(第一百货店),人民广场地区,距市中心587m,"31.241421, 121.48184",56,4.8,4.3,https://dimg04.c-ctrip.com/images/1lo5212000c4pjwzm2B13.jpg,False,49.5,0.0,,特色展馆,
上海,上海 · 国内首部环境式沉浸舞蹈剧场《寅时说》,人民广场地区,距市中心340m,"31.233965, 121.478054",0,0.0,4.3,https://dimg04.c-ctrip.com/images/0104312000et5iydbEE2F.png,False,0,0,,"演出, 话剧",
上海,翱翔•飞越地平线,迪士尼度假区,距市中心20.6km,"31.149779, 121.671599",117,4.7,4.3,https://dimg04.c-ctrip.com/images/0105u12000f6qd4gnD034.jpg,False,0,0,,,
上海,七宝古镇,七宝古镇,距市中心14.2km,"31.158938, 121.361199",228,4.4,4.3,https://dimg04.c-ctrip.com/images/10060z000000njtcq4DF3.jpg,True,0,0,,"古镇古村, 夜游观景",4A
上海,上海当代艺术博物馆,打浦桥地区,距市中心4.0km,"31.206746, 121.505082",201,4.5,4.3,https://dimg04.c-ctrip.com/images/0106q12000irl6hmkDB61.jpg,False,0,0,,"特色展馆, 博物馆",
上海,上海大世界,淮海路/新天地地区,距市中心579m,"31.234153, 121.485834",1718,4.4,4.3,https://dimg04.c-ctrip.com/images/35051a000001909h0E13D.jpg,True,0,0,,"遛娃宝藏地, 游乐场",
上海,申园,新国际博览中心/世博园,距市中心5.4km,"31.18816, 121.480851",102,4.7,4.2,https://dimg04.c-ctrip.com/images/0103p12000ijl3fli73E3.jpg,False,20.0,0.0,,"赏花胜地, 园林花园",
上海,上海新国际博览中心,新国际博览中心/世博园,距市中心9.3km,"31.216684, 121.574486",149,4.6,4.3,https://dimg04.c-ctrip.com/images/0104l12000f6qvd9266FA.jpg,False,0,0,,场馆展馆,
上海,上海 · 东野圭吾沉浸式虐心悬疑话剧《虚无的十字架》,人民广场地区,距市中心536m,"31.234381, 121.475124",0,0.0,4.3,https://dimg04.c-ctrip.com/images/0104m12000imbnd2o9E35.jpg,False,0,0,,"演出, 话剧",
上海,2025第15届上海国际双年展《花儿听到蜜蜂了吗？》,打浦桥地区,距市中心4.0km,"31.206746, 121.505082",0,0.0,4.3,https://dimg04.c-ctrip.com/images/0104i12000gskdnta4417.png,False,0,0,,"特色展馆, 展览",
上海,上海 · 迷悠奈_MIYUNA “我”乐队专场上海场,长寿路商业区,距市中心3.8km,"31.255425, 121.446491",0,0.0,4.3,https://dimg04.c-ctrip.com/images/0105312000igllthu48D6.jpg,False,380.0,0,,演唱会,
上海,万花之镜-意大利生活艺术大展,新国际博览中心/世博园,距市中心5.2km,"31.189527, 121.483423",3,3.0,4.3,https://dimg04.c-ctrip.com/images/1lo4w12000h088dlk9AFD.jpg,False,128.0,168.0,,"特色展馆, 展览",
上海,上海 · 舞台剧《魔幻时刻》,,距市中心209m,"31.235344, 121.478399",0,0.0,4.2,https://dimg04.c-ctrip.com/images/0102q12000ioqm4i5EC13.jpg,False,0,0,,"演出, 话剧",
上海,张爱玲故居,静安寺/南京西路,距市中心2.6km,"31.231097, 121.454042",107,4.4,4.3,https://dimg04.c-ctrip.com/images/0100r12000f6sfhb3035F.jpg,True,0,0,,历史建筑,
上海,上海 · 亚洲全男班现代舞秀《无名之辈》,,距市中心323m,"31.234251, 121.477932",0,0.0,4.4,https://dimg04.c-ctrip.com/images/0104s12000iounihwEA9A.png,False,0,0,,舞蹈舞剧,
上海,上海 · 环境式驻演原创音乐剧《#0528》,人民广场地区,距市中心591m,"31.24008, 121.484584",0,0.0,4.2,https://dimg04.c-ctrip.com/images/0107012000d6uzuo7F949.png,False,0,0,,"演出, 话剧",
上海,金茂大厦云中漫步,陆家嘴,距市中心3.1km,"31.240849, 121.512241",101,4.6,4.2,https://dimg04.c-ctrip.com/images/0105a120007h24mtfD18D.jpg,False,368.0,0,,,
上海,上海 · 舞台剧《莲花楼》,,距市中心2.3km,"31.218227, 121.468812",0,0.0,4.2,https://dimg04.c-ctrip.com/images/0104x12000iqsluebB807.jpg,False,0,0,,"演出, 话剧",
上海,创极速光轮,迪士尼度假区,距市中心20.0km,"31.147983, 121.66326",284,4.8,4.2,https://dimg04.c-ctrip.com/images/100r1f000001gonb24AEE.jpg,False,0,0,,遛娃宝藏地,
上海,上海 · AURORA《WHAT HAPPENED TO THE EARTH?》巡演,,距市中心12.3km,"31.226527, 121.351939",0,0.0,4.2,https://dimg04.c-ctrip.com/images/0104712000dg8218h524B.jpg,False,0,0,,livehouse,
上海,上海 · 黄磊孙莉何炅原班重现《暗恋桃花源》经典版,新国际博览中心/世博园,距市中心6.5km,"31.228648, 121.547694",0,0.0,4.2,https://dimg04.c-ctrip.com/images/0101o12000ijazpce10A1.png,False,0,0,,"演出, 话剧",
上海,巨鹿路,,距市中心2.6km,"31.225679, 121.456432",191,4.6,4.2,https://dimg04.c-ctrip.com/images/0104q12000f6t4va75913.jpg,True,0,0,,城市漫步,
上海,上海 · 话剧《苏堤春晓》,豫园地区,距市中心248m,"31.235542, 121.477816",0,0.0,4.2,https://dimg04.c-ctrip.com/images/0104712000i112og2CA6F.png,False,0,0,,"演出, 话剧",
上海,上海 · 沉浸式互动秀《福尔图那的酒会》,衡山路地区,距市中心2.7km,"31.218158, 121.461337",0,0.0,4.2,https://dimg04.c-ctrip.com/images/0105912000fhlfu3v974C.png,False,0,0,,"演出, 沉浸式戏剧",
上海,上海环球金融中心观光厅,陆家嘴,距市中心3.2km,"31.240165, 121.514083",38,4.8,4.2,https://dimg04.c-ctrip.com/images/0104a120008tw88n1560E.jpg,False,180.0,0,,"地标观景, 夜游观景",4A
上海,上海城市规划展示馆,人民广场地区,距市中心214m,"31.237364, 121.482137",500,0,4.2,https://dimg04.c-ctrip.com/images/0102012000artijtyE1CB.jpg,True,0,0,,场馆展馆,4A
上海,2025第十届影像上海艺术博览会,静安寺/南京西路,距市中心2.1km,"31.230961, 121.459249",0,0.0,4.2,https://dimg04.c-ctrip.com/images/0100612000fhltml09330.png,False,0,0,,"特色展馆, 展览",
上海,上海沪剧表演,上海,中国,"31.1913, 121.457681",0,0.0,4.2,https://dimg04.c-ctrip.com/images/0103b120008g2tgr01D09.jpg,False,0,0,上海特色体验榜 No.12,,
上海,开心麻花爆笑舞台剧《贼想得到你》,虹桥地区,距市中心7.0km,"31.217585, 121.410535",2,5.0,4.2,https://dimg04.c-ctrip.com/images/0106a12000im9mdxq6586.jpg,False,0,0,,"演出, 话剧",
上海,北外滩国客中心,北外滩地区,距市中心3.2km,"31.253268, 121.507258",50,4.6,4.2,https://dimg04.c-ctrip.com/images/1lo2k12000f520trv6724.jpg,True,0,0,,,4A
上海,魔都矩阵,北外滩地区,距市中心3.0km,"31.252496, 121.505198",147,4.3,4.2,https://dimg04.c-ctrip.com/images/1lo4t12000ibq1iqt4316.jpg,False,90.0,0.0,,"游乐场, 地标观景",
上海,上海 · 『ユイカ』1st Live演唱会,上海火车站地区,距市中心3.2km,"31.259745, 121.459798",0,0.0,4.2,https://dimg04.c-ctrip.com/images/0104f12000cf1pwca4C66.png,False,0,0,,livehouse,
上海,上海 · Kokia 2025《Dreaming》演唱会,淮海路/新天地地区,距市中心2.5km,"31.22093, 121.461595",0,0.0,4.2,https://dimg04.c-ctrip.com/images/0101512000cf2q22066E1.png,False,0,0,,演唱会,
上海,陕西南路,淮海路/新天地地区,距市中心1.8km,"31.229609, 121.463147",95,4.7,4.2,https://dimg04.c-ctrip.com/images/0100c12000imxxaio0098.jpg,True,0,0,,城市漫步,
上海,上海国际赛车场,嘉定新城,距市中心26.5km,"31.343329, 121.231754",53,4.4,4.2,https://dimg04.c-ctrip.com/images/1A0w11000000qz6qvE9B1.jpg,True,0,0,,,4A
上海,广富林考古遗址展示馆,佘山/松江大学城,距市中心32.4km,"31.070833, 121.200779",98,4.3,4.2,https://dimg04.c-ctrip.com/images/01027120008p0k0d5CC14.jpg,False,30.0,30.0,,"特色展馆, 场馆展馆",
上海,古猗园,嘉定新城,距市中心16.4km,"31.297989, 121.3229",678,4.7,4.1,https://dimg04.c-ctrip.com/images/100g1f000001gr0b880FB.jpg,False,12.0,0,,"赏花胜地, 园林花园",4A
上海,上海野生动物园-车入区,南汇/野生动物园,距市中心30.6km,"31.062532, 121.729696",6,4.5,4.1,https://dimg04.c-ctrip.com/images/0100e12000a38jt9xD79E.jpg,False,0,0,,,
上海,梁思成林徽因《栋梁》学术文献展,四川北路商业区,距市中心2.3km,"31.255661, 121.489526",0,0.0,4.1,https://dimg04.c-ctrip.com/images/0101p12000ho2l4ntB870.webp,False,0,0,,"特色展馆, 展览",
上海,莫奈花园,浦江镇地区,距市中心20.0km,"31.058645, 121.51431",0,0.0,4.1,https://dimg04.c-ctrip.com/images/1me6q12000bh932hfD291.jpg,False,0,0,,植物园,
上海,南翔古镇,嘉定新城,距市中心17.1km,"31.296925, 121.314913",426,4.5,4.1,https://dimg04.c-ctrip.com/images/0103j12000f6t4t9t3352.jpg,True,0,0,,"踏青必去, 古镇古村",4A
上海,花开海上生态园,金山枫泾古镇地区,距市中心51.3km,"30.891869, 121.122979",1526,4.6,4.1,https://dimg04.c-ctrip.com/images/01020120009x99nkn693F.jpg,False,29.0,30.0,,"遛娃宝藏地, 赏花胜地",4A
上海,上海 · 原创音乐剧《长安十二时辰》,豫园地区,距市中心2.5km,"31.220231, 121.498626",0,0.0,4.1,https://dimg04.c-ctrip.com/images/0101q12000ihjh6180575.jpg,False,0,0,,"演出, 话剧",
上海,徐家汇公园,徐家汇地区,距市中心4.7km,"31.203746, 121.448859",457,4.7,4.1,https://dimg04.c-ctrip.com/images/01007120008ivv1291C33.jpg,True,0,0,,踏青必去,
上海,【上海】NBA ON SHOW 奇境光影秀,徐家汇地区,距市中心6.2km,"31.187386, 121.44998",1,5.0,4.1,https://dimg04.c-ctrip.com/images/0106f12000ccrqgtf8C29.png,False,128.0,198.0,,"特色展馆, 展览",
上海,上海 · 《声声不息》港台经典超级金曲演唱会,浦东外高桥地区,距市中心14.4km,"31.320293, 121.59481",0,0.0,4.1,https://dimg04.c-ctrip.com/images/0104212000imbleir9CA1.jpg,False,0,0,,演唱会,
上海,浦发银行东方体育中心,前滩,距市中心8.3km,"31.161852, 121.48398",66,4.6,4.1,https://dimg04.c-ctrip.com/images/01004120008icmag12264.jpg,False,0,0,,场馆展馆,
苏州,拙政园,,距上海80.9km,"31.330181, 120.63573",48832,4.6,8.9,https://dimg04.c-ctrip.com/images/0102o12000f6rc5w8B3FF.jpg,False,70.0,70.0,2024亚洲100必打卡景点,"遛娃宝藏地, 赏花胜地",5A
昆山,周庄,,距上海60.6km,"31.119926, 120.858268",11511,4.5,8.0,https://dimg04.c-ctrip.com/images/0103412000f6sf0uf8ABE.jpg,False,100.0,100.0,2024中国100夜游景点,"遛娃宝藏地, 赏花胜地",5A
苏州,寒山寺,,距上海86.5km,"31.316435, 120.574947",15401,4.6,8.4,https://dimg04.c-ctrip.com/images/0104h12000f6trp9k1F94.jpg,False,18.0,20.0,2024中国100必打卡景点,"遛娃宝藏地, 历史建筑",4A
苏州,枫桥景区,,距上海86.6km,"31.315648, 120.573383",563,4.5,8.4,https://dimg04.c-ctrip.com/images/0105712000f9vdqtz31A2.jpg,True,0,0,,地标观景,
苏州,狮子林,,距上海80.9km,"31.327114, 120.635608",14509,4.7,8.0,https://dimg04.c-ctrip.com/images/0104h12000f6t2q2h452C.jpg,False,30.0,30.0,江苏园林景点榜 No.2,"遛娃宝藏地, 赏花胜地",4A
苏州,留园,,距上海84.3km,"31.321718, 120.598974",9733,4.7,7.9,https://dimg04.c-ctrip.com/images/0106612000f6qx4gy6FC5.jpg,False,45.0,45.0,江苏园林景点榜 No.4,"遛娃宝藏地, 赏花胜地",5A
苏州,虎丘山风景名胜区,,距上海85.6km,"31.34161, 120.587394",19473,4.6,7.9,https://dimg04.c-ctrip.com/images/1lo4i12000fq5vvm3885B.jpg,False,60.0,60.0,2024中国50赏秋景点,"遛娃宝藏地, 赏花胜地",5A
嘉善,西塘古镇,,距上海63.8km,"30.95067, 120.898883",4753,4.5,7.3,https://dimg04.c-ctrip.com/images/100h0u000000iziz2069B.jpg,False,85.0,95.0,2024中国100夜游景点,"遛娃宝藏地, 踏青必去",5A
苏州,同里古镇,,距上海72.0km,"31.162629, 120.727691",8491,4.5,7.6,https://dimg04.c-ctrip.com/images/010281200086x1oqt2AF1.jpg,False,80.0,100.0,2024中国100夜游景点,"踏青必去, 赏花胜地",5A
苏州,苏州 · 凤凰传奇2025《吉祥如意》巡回演唱会,,距上海69.4km,"31.311266, 120.755113",0,0.0,7.5,https://dimg04.c-ctrip.com/images/0104n12000d4wkueuC648.jpg,False,0,0,,演唱会,
苏州,苏州博物馆,,距上海81.0km,"31.329059, 120.634317",3158,4.7,7.7,https://dimg04.c-ctrip.com/images/100c1d000001es1sz54B7.jpg,True,0,0,2024亚洲100亲子景点,"展馆展览, 遛娃宝藏地",
上海,上海儿童博物馆,虹桥地区,距市中心7.1km,"31.199852, 121.419405",238,4.7,4.1,https://dimg04.c-ctrip.com/images/100i0c0000006om3uDA6D.jpg,True,0,0,,"展馆展览, 遛娃宝藏地",
上海,遇见博物馆·上海静安馆,大宁国际商业区,距市中心7.3km,"31.297582, 121.451692",134,4.4,4.1,https://dimg04.c-ctrip.com/images/0103v12000a9w38uo647E.jpg,False,0,0,,"博物馆, 场馆展馆",
上海,课植园,青浦朱家角/东方绿舟,距市中心42.2km,"31.119393, 121.05897",117,4.5,4.1,https://dimg04.c-ctrip.com/images/100khk1439iud28ud152F.jpg,False,30.0,0,,园林花园,
上海,韩湘水博园,交大/闵行经济开发区,距市中心30.7km,"30.990343, 121.335761",258,4.4,4.1,https://dimg04.c-ctrip.com/images/0100v12000f6rd6onD404.jpg,False,32.9,36.0,,"赏花胜地, 园林花园",
上海,人民公园,人民广场地区,距市中心217m,"31.238252, 121.479656",456,4.7,4.1,https://dimg04.c-ctrip.com/images/01A0z12000ac2hk2v463B.jpg,True,0,0,,踏青必去,
上海,【上海】MXGP世界摩托车越野锦标赛,奉贤开发区,距市中心45.4km,"30.830403, 121.527492",2,5.0,4.1,https://dimg04.c-ctrip.com/images/0101n12000e0j3ahbD4CA.png,False,0,0,,赛事,
上海,国际马戏剧场,南汇/野生动物园,距市中心30.3km,"31.06228, 121.725298",11,4.7,4.1,https://dimg04.c-ctrip.com/images/1lo5n12000entxrd2363A.jpg,False,40.0,80.0,,"演出, 场馆展馆",
上海,上海 · 开心麻花沉浸式带餐喜剧《偷心晚宴》,上海火车南站地区,距市中心7.9km,"31.165652, 121.472022",0,0.0,4.1,https://dimg04.c-ctrip.com/images/0100h12000hi6oxjoC603.png,False,0,0,,"演出, 沉浸式戏剧",
上海,巴金故居,衡山路地区,距市中心4.0km,"31.215026, 121.44701",175,4.7,4.1,https://dimg04.c-ctrip.com/images/0103i120009igopz74D54.jpg,True,0,0,,历史建筑,
上海,263米主观光层,陆家嘴,距市中心2.7km,"31.245302, 121.506421",9,4.6,4.1,https://dimg04.c-ctrip.com/images/0100g12000f6ry1ka098D.jpg,False,0,0,,地标观景,
上海,1933老场坊,四川北路商业区,距市中心3.2km,"31.260148, 121.49833",328,4.6,4.1,https://dimg04.c-ctrip.com/images/100s1f000001gx5dl1B24.jpg,True,0,0,,,
上海,上海 · 黄龄2025《莫名其妙》巡演,上海火车站地区,距市中心3.3km,"31.260024, 121.459101",0,0.0,4.1,https://dimg04.c-ctrip.com/images/0105f12000hu9uck9B829.jpg,False,0,0,,livehouse,
上海,长乐路,淮海路/新天地地区,距市中心3.2km,"31.221933, 121.451391",265,4.7,4.1,https://dimg04.c-ctrip.com/images/fd/tg/g2/M00/70/8B/CghzgVW4dWCAQrqQABU3VMlDifI285.jpg,True,0,0,,城市漫步,
上海,季高兔窝窝亲子园,迪士尼度假区,距市中心21.6km,"31.147696, 121.68194",481,4.4,4.1,https://dimg04.c-ctrip.com/images/100p1g000001hipfvB58F.jpg,False,49.9,138.0,,"遛娃宝藏地, 游乐场",
上海,七宝老街,七宝古镇,距市中心14.3km,"31.158807, 121.360938",555,4.4,4.1,https://dimg04.c-ctrip.com/images/10051f000001gstoc00B8.jpg,True,0,0,,"城市漫步, 夜游观景",
上海,九曲桥,豫园地区,距市中心1.8km,"31.232454, 121.49844",419,4.7,4.1,https://dimg04.c-ctrip.com/images/0100w12000ijyqsjz8CFA.jpg,True,0,0,,"地标观景, 夜游观景",
上海,自由高达立像,浦东金桥地区,距市中心12.6km,"31.257131, 121.610036",7,4.7,4.1,https://dimg04.c-ctrip.com/images/0101q12000irstf7r0962.jpg,True,0,0,,地标观景,
上海,雷鸣山漂流,迪士尼度假区,距市中心20.5km,"31.149074, 121.669592",83,4.6,4.0,https://dimg04.c-ctrip.com/images/100h050000000m88w1495.jpg,False,0,0,,漂流,
上海,上海青少年科技探索馆,打浦桥地区,距市中心2.8km,"31.212704, 121.46963",28,4.4,4.0,https://dimg04.c-ctrip.com/images/0106012000cnvcoacC59E.jpg,False,0,0,,科技馆,
上海,西岸美术馆,徐家汇地区,距市中心7.1km,"31.173712, 121.470201",97,4.5,4.0,https://dimg04.c-ctrip.com/images/0101g120004n1uij1DC6B.jpg,True,0,0,,"特色展馆, 场馆展馆",
桐乡,乌镇,桐乡 · 乌镇西栅景区内/乌村,,"30.753855, 120.495048",14773,4.5,8.5,https://dimg04.c-ctrip.com/images/0104s12000f6t3031506D.jpg,False,100.0,100.0,2024中国100必打卡景点,"古镇古村, 夜游观景",5A
上海,崇明岛,崇明岛/长兴岛/横沙岛,距市中心41.5km,"31.582602, 121.64164",3,4.7,4.1,https://dimg04.c-ctrip.com/images/1me3z12000dyalzm14E46.jpg,False,0,0,,,
上海,奇梦之光幻影秀,迪士尼度假区,距市中心20.2km,"31.14955, 121.66611",103,4.8,4.0,https://dimg04.c-ctrip.com/images/10010700000025soo91A8.jpg,False,0,0,,"演出, 现场演出",
上海,上海体育场,徐家汇地区,距市中心6.1km,"31.188228, 121.449391",87,4.6,4.0,https://dimg04.c-ctrip.com/images/100l080000002yyq3045D.jpg,True,0,0,,场馆展馆,
上海,上海 · 音乐剧《狂炎奏鸣曲》,人民广场地区,距市中心579m,"31.241427, 121.48147",0,0.0,4.0,https://dimg04.c-ctrip.com/images/0102912000et5iqvj2747.png,False,0,0,,"演出, 话剧",
上海,上海 · 高野洸 5th Anniversary Live Tour 《mile》～2nd mile～,新国际博览中心/世博园,距市中心5.2km,"31.19, 121.48",0,0.0,4.0,https://dimg04.c-ctrip.com/images/0101s12000idt81d4F951.jpg,False,0,0,,演唱会,
上海,上海 · Ludovico Einaudi演唱会,前滩,距市中心8.9km,"31.156571, 121.49152",0,0.0,4.0,https://dimg04.c-ctrip.com/images/fd/tg/g1/M0A/AE/87/CghzfVW7IAaAXzNyAABDtNopEkY986.jpg,False,0,0,,音乐会,
上海,上海 · 话剧《庭前》,人民广场地区,距市中心209m,"31.235344, 121.478399",0,0.0,4.0,https://dimg04.c-ctrip.com/images/0104d12000imagh6oD6FB.jpg,False,0,0,,"演出, 话剧",
上海,《雄狮少年2》取景地,上海,中国,"31.245414, 121.506379",0,0.0,4.0,https://dimg04.c-ctrip.com/images/100w1f000001gw9498A72.jpg,False,0,0,,,
上海,长风公园,长风公园地区,距市中心7.3km,"31.230279, 121.403703",561,4.5,4.0,https://dimg04.c-ctrip.com/images/0100f12000f6rcorgC59A.jpg,True,0,0,,"遛娃宝藏地, 踏青必去",4A
上海,上海 · 环境式古风音乐剧《梦微之》,人民广场地区,距市中心614m,"31.241695, 121.481737",0,0.0,4.0,https://dimg04.c-ctrip.com/images/0104o12000cpbqgfyB279.png,False,0,0,,"演出, 话剧",
上海,复兴公园,淮海路/新天地地区,距市中心1.6km,"31.222944, 121.475676",332,4.6,4.0,https://dimg04.c-ctrip.com/images/0105x12000apwq15dCCD0.jpg,True,0,0,,踏青必去,
上海,上海邮轮中心,吴淞口国际邮轮港,距市中心19.5km,"31.408816, 121.511765",4,5.0,4.0,https://dimg04.c-ctrip.com/images/0102512000f6qgkwnB996.jpg,False,0,0,,,
上海,汤连得温泉馆（118店）,长风公园地区,距市中心9.3km,"31.236084, 121.382118",229,4.6,4.0,https://dimg04.c-ctrip.com/images/350r1a0000019gl1p1D47.jpg,False,99.0,189.0,,"遛娃宝藏地, 洗浴泡汤",
上海,上海 · 爱乐汇2025烛光电影音乐会 “爱乐之城·爱有天意·一生所爱”,静安寺/南京西路,距市中心2.1km,"31.23306, 121.458379",0,0.0,4.0,https://dimg04.c-ctrip.com/images/0105r12000hqyxlme0719.png,False,0,0,,音乐会,
上海,上海 · 驻场音乐剧《星图》,淮海路/新天地地区,距市中心584m,"31.233992, 121.485807",0,0.0,4.0,https://dimg04.c-ctrip.com/images/0100a12000et5iblcBA0F.png,False,0,0,,"演出, 话剧",
上海,上海 · 开心麻花爆笑客厅喜剧《空降未婚妻》,江湾/五角场商业区,距市中心8.8km,"31.305528, 121.524222",0,0.0,4.0,https://dimg04.c-ctrip.com/images/0103z12000flo9ssuC470.png,False,0,0,,"演出, 话剧",
上海,甜爱路,四川北路商业区,距市中心4.0km,"31.270903, 121.489982",280,4.5,4.0,https://dimg04.c-ctrip.com/images/10091f000001gd7go006E.jpg,True,0,0,,城市漫步,
上海,上海上引+,四川北路商业区,距市中心2.8km,"31.261345, 121.476012",24,4.5,4.0,https://dimg04.c-ctrip.com/images/1lo2712000baed3etB5EF.png,False,0,0,,洗浴泡汤,
上海,上海磁浮交通科技馆(龙阳路店),新国际博览中心/世博园,距市中心8.6km,"31.209148, 121.564921",53,4.7,4.0,https://dimg04.c-ctrip.com/images/0100o12000f6t61p29955.jpg,True,0,0,,科技馆,
上海,上海交通大学-校史博物馆(徐汇校区),徐家汇地区,距市中心5.0km,"31.205239, 121.442301",42,4.7,4.0,https://dimg04.c-ctrip.com/images/100t0c000000623qt084E.jpg,True,0,0,,"博物馆, 场馆展馆",
上海,上海　·　话剧《清明上河图密码》,佘山/松江大学城,距市中心34.5km,"31.006277, 121.237682",0,0.0,3.9,https://dimg04.c-ctrip.com/images/0104n12000imaimxn19E2.png,False,0,0,,"演出, 话剧",
上海,【上海】音乐剧《道林格雷的画像》,人民广场地区,距市中心209m,"31.235344, 121.478399",0,0.0,4.0,https://dimg04.c-ctrip.com/images/0105i12000ima1gsxF8A9.jpg,False,0,0,,"演出, 话剧",
上海,中共二大会址纪念馆,静安寺/南京西路,距市中心943m,"31.230348, 121.473354",0,0,,https://dimg04.c-ctrip.com/images/01010120009hzq8c7AF4B.jpg,True,0,0,,,5A
上海,川沙古镇,迪士尼度假区,距市中心22.4km,"31.202471, 121.712141",32,4.1,3.9,https://dimg04.c-ctrip.com/images/0103n1200094130tcCFCF.jpg,True,0,0,,古镇古村,
上海,周公馆,淮海路/新天地地区,距市中心1.9km,"31.22027, 121.474863",198,0,3.9,https://dimg04.c-ctrip.com/images/0104b12000f6trpvtE082.jpg,True,0,0,,历史建筑,
上海,火山漂流,滴水湖临港地区,距市中心54.6km,"30.917198, 121.913909",56,4.7,3.9,https://dimg04.c-ctrip.com/images/0100z120009bwuaat6DE7.jpg,False,0,0,,漂流,
上海,上海 · 沪语精品场《笑侃80 · 90》上海话脱口秀,北外滩地区,距市中心1.6km,"31.250449, 121.478162",0,0.0,4.1,https://dimg04.c-ctrip.com/images/0106f12000ig0jcdt766C.jpg,False,0,0,,"演出, 脱口秀",
上海,上海 · 橘子脱口秀｜周三、五、六、日精品秀,人民广场地区,距市中心571m,"31.241396, 121.481231",7,4.7,3.9,https://dimg04.c-ctrip.com/images/0106b1200093yl5xoCC3D.png,False,69.0,0.0,,"演出, 脱口秀",
上海,上海 · 耿子博导演作品 环境式沉浸舞蹈剧场《九尾古董店》,人民广场地区,距市中心575m,"31.23984, 121.484635",0,0.0,3.9,https://dimg04.c-ctrip.com/images/0103r12000et5iska5518.png,False,0,0,,"演出, 沉浸式戏剧",
上海,宝龙美术馆,七宝古镇,距市中心13.6km,"31.164081, 121.364363",269,4.6,3.9,https://dimg04.c-ctrip.com/images/100b1f000001gson03AB2.jpg,False,0,0,,"特色展馆, 夜游观景",
上海,田子坊石库门,打浦桥地区,距市中心2.5km,"31.214837, 121.475066",145,4.7,3.9,https://dimg04.c-ctrip.com/images/0100d12000f6q6604B30D.jpg,True,0,0,,历史建筑,
上海,纪念吴昌硕诞辰180周年艺术大展《海上明月》,新国际博览中心/世博园,距市中心5.5km,"31.190005, 121.501315",0,0.0,4.0,https://dimg04.c-ctrip.com/images/0105d12000ihj97hy0E9F.png,False,0,0,,"特色展馆, 展览",
上海,上海 · 沉浸式惊悚悬疑音乐剧《怪物》,人民广场地区,距市中心568m,"31.239768, 121.484609",0,0.0,3.9,https://dimg04.c-ctrip.com/images/0103q12000fcwds1zACC0.png,False,0,0,,"演出, 话剧",
上海,鹏新嘉定海洋世界,嘉定新城,距市中心22.0km,"31.334406, 121.280216",294,4.3,3.9,https://dimg04.c-ctrip.com/images/0104812000f6uggrnB2D7.jpg,False,118.0,180.0,,遛娃宝藏地,
上海,天马山公园,佘山/松江大学城,距市中心34.9km,"31.079986, 121.162899",766,4.6,3.9,https://dimg04.c-ctrip.com/images/0106c120009qy2r0tB570.jpg,False,10.0,10.0,,"踏青必去, 登高爬山",
上海,迪士尼冬日奇幻冰雪节,迪士尼度假区,距市中心20.5km,"31.146785, 121.667662",0,0.0,3.9,https://dimg04.c-ctrip.com/images/0106u12000gieoip9A40B.png,False,0,0,,节庆,
上海,沙美大楼,外滩核心区,距市中心1.7km,"31.24661, 121.493144",34,4.7,3.9,https://dimg04.c-ctrip.com/images/0102p12000g8jq8yg77C9.jpg,False,0,0,,历史建筑,
上海,上海图书馆(东馆),新国际博览中心/世博园,距市中心7.1km,"31.226151, 121.553598",56,4.8,3.9,https://dimg04.c-ctrip.com/images/0105n120009e41p375651.jpg,True,0,0,,,
上海,上海 · 音乐剧《疯子与赞美诗》,人民广场地区,距市中心599m,"31.241487, 121.482001",0,0.0,3.9,https://dimg04.c-ctrip.com/images/1me5z324x8wgalz186DEB.jpg,False,0,0,,"演出, 话剧",
上海,上海当代艺术馆,人民广场地区,距市中心134m,"31.23735, 121.479416",224,4.6,3.9,https://dimg04.c-ctrip.com/images/0103a12000f6rd94rE230.jpg,False,0,0,,"特色展馆, 场馆展馆",
上海,上海滨江森林公园,浦东外高桥地区,距市中心17.5km,"31.385829, 121.536253",1922,4.7,3.9,https://dimg04.c-ctrip.com/images/1lo2g12000dku3gnx9931.jpg,True,0,0,,"遛娃宝藏地, 踏青必去",
上海,永康路,衡山路地区,距市中心2.7km,"31.216914, 121.463763",252,4.9,3.9,https://dimg04.c-ctrip.com/images/0102212000f6sfrldF3D6.jpg,True,0,0,,城市漫步,
上海,【上海】音乐剧《致爱》限时驻演,人民广场地区,距市中心566m,"31.239702, 121.484648",0,0.0,3.8,https://dimg04.c-ctrip.com/images/0102212000ga9g9neC680.png,False,0,0,,"演出, 话剧",
上海,ART021上海廿一当代艺术博览会,静安寺/南京西路,距市中心2.1km,"31.230961, 121.459249",0,0.0,3.9,https://dimg04.c-ctrip.com/images/0102h12000imbr1osF207.png,False,0,0,,"特色展馆, 展览",
上海,虹桥t2贵宾俱乐部,虹桥机场/国家会展中心,距市中心14.4km,"31.20075, 121.334829",3,5.0,3.8,https://dimg04.c-ctrip.com/images/1mh2t12000f8iknus7581.jpg,False,0,0,,,
上海,上海市工艺美术博物馆,衡山路地区,距市中心2.9km,"31.216576, 121.460803",175,4.6,3.8,https://dimg04.c-ctrip.com/images/0101f120009d3mafxE78F.jpg,False,0,0,,"特色展馆, 博物馆",
上海,海上花岛玫瑰汤泉,崇明岛/长兴岛/横沙岛,距市中心54.6km,"31.725481, 121.516224",15,4.5,4.2,https://dimg04.c-ctrip.com/images/0100y120008ifmo3qD7B1.jpg,False,59.9,88.0,上海温泉景点榜 No.1,"泡温泉, 洗浴泡汤",
上海,《长乐未央》中国航海博物馆迎春展,滴水湖临港地区,距市中心56.5km,"30.902539, 121.926041",0,0.0,4.1,https://dimg04.c-ctrip.com/images/0104d12000in2ophzD0E4.png,False,0,0,,"特色展馆, 展览",
上海,【上海】《真是个马戏团》关于考尔德的工坊式装置展,徐家汇地区,距市中心7.1km,"31.173712, 121.470201",1,4.0,3.8,https://dimg04.c-ctrip.com/images/0100m12000eb2a9nhE63B.jpg,False,60.0,0.0,,"特色展馆, 展览",
上海,上海 · 话剧《苍穹》,淮海路/新天地地区,距市中心3.6km,"31.220075, 121.447556",0,0.0,3.9,https://dimg04.c-ctrip.com/images/0102o12000iphobqt56DA.png,False,0,0,,"演出, 话剧",
上海,上海 · 全景沉浸互动剧场《大真探·赵赶鹅》,四川北路商业区,距市中心2.5km,"31.256281, 121.491304",0,0.0,3.8,https://dimg04.c-ctrip.com/images/0102g12000gw2wcju7F28.jpg,False,0,0,,"演出, 沉浸式戏剧",
上海,2025光明田原 IRONMAN 70.3 上海站,崇明岛/长兴岛/横沙岛,距市中心58.2km,"31.755038, 121.402073",0,0.0,3.8,https://dimg04.c-ctrip.com/images/0102h12000iiwtwz030EE.jpg,False,0,0,,赛事,
上海,上海 · XMASwu吴骜 新专辑《红雨RED RAIN》巡演,打浦桥地区,距市中心2.3km,"31.215922, 121.478515",0,0.0,3.9,https://dimg04.c-ctrip.com/images/0100k12000cf1paz9C289.png,False,0,0,,livehouse,
上海,上海航宇科普中心,上海火车南站地区,距市中心12.3km,"31.141859, 121.412444",131,4.5,3.8,https://dimg04.c-ctrip.com/images/0100d12000f6q5fgl302C.jpg,False,0,0,,科技馆,
上海,上海 · 仙羽 2025《做梦日记》巡回演唱会,打浦桥地区,距市中心2.3km,"31.215922, 121.478515",0,0.0,3.8,https://dimg04.c-ctrip.com/images/0100k12000cf1paz9C289.png,False,0,0,,livehouse,
上海,毛泽东旧居,静安寺/南京西路,距市中心1.3km,"31.232433, 121.46698",0,0,,https://dimg04.c-ctrip.com/images/0585v12000b245kvnC946.jpg,True,0,0,,,
上海,月湖雕塑公园,佘山/松江大学城,距市中心29.2km,"31.106415, 121.214247",677,4.2,3.8,https://dimg04.c-ctrip.com/images/0105x1200086th2sgB96D.jpg,False,95.0,100.0,,"遛娃宝藏地, 踏青必去",4A
上海,沉香阁,豫园地区,距市中心1.6km,"31.232889, 121.496675",516,4.7,3.8,https://dimg04.c-ctrip.com/images/01011120008innsa5FD61.jpg,False,0,0,,历史建筑,
上海,上海 · 阿朵原创舞台剧《天生傲骨》,上海火车南站地区,距市中心7.5km,"31.169562, 121.472117",0,0.0,3.8,https://dimg04.c-ctrip.com/images/0105z12000i2q5h7d2E17.png,False,280.0,280.0,,"演出, 话剧",
上海,爱丽丝梦游仙境迷宫,迪士尼度假区,距市中心20.2km,"31.150436, 121.666453",113,4.6,3.8,https://dimg04.c-ctrip.com/images/10041f000001gp8khB681.jpg,False,0,0,,,
上海,南汇嘴观海公园,滴水湖临港地区,距市中心61.3km,"30.888463, 121.97951",119,4.2,3.8,https://dimg04.c-ctrip.com/images/0102512000f6sfrmpA7E0.jpg,True,0,0,,"踏青必去, 海滨沙滩",
上海,奈尔宝家庭中心(豫园店),豫园地区,距市中心1.7km,"31.232432, 121.497491",6,5.0,3.8,https://dimg04.c-ctrip.com/images/1lo2912000bxxcwqqEC3E.jpg,False,100.0,100.0,,儿童乐园,
苏州,山塘街,,距上海83.3km,"31.32316, 120.609569",1949,4.4,7.2,https://dimg04.c-ctrip.com/images/100q11000000r35vbA4A6.jpg,True,0,0,2024中国100夜游景点,"遛娃宝藏地, 城市漫步",4A
上海,上海外滩星空艺术馆,人民广场地区,距市中心583m,"31.241345, 121.48198",1687,4.3,3.8,https://dimg04.c-ctrip.com/images/1lo6812000ekmekly08A2.jpg,False,59.9,120.0,,"遛娃宝藏地, 特色展馆",
上海,万代南梦宫上海文化中心 梦想剧场,长寿路商业区,距市中心3.8km,"31.255425, 121.446491",0,0.0,3.8,https://dimg04.c-ctrip.com/images/0103u12000bi7oulgC9B8.png,False,0,0,,"演出, 场馆展馆",
上海,巴斯光年星际营救,迪士尼度假区,距市中心20.1km,"31.147324, 121.664155",51,4.7,3.8,https://dimg04.c-ctrip.com/images/100m1f000001gzmko989F.jpg,False,0,0,,,
上海,百乐门,静安寺/南京西路,距市中心2.9km,"31.229994, 121.450584",64,4.6,3.8,https://dimg04.c-ctrip.com/images/0102t120008z0wz6a7FB3.jpg,False,0,0,,"历史建筑, 演出",
上海,东一美术馆,外滩核心区,距市中心1.7km,"31.239188, 121.498025",26,4.6,3.7,https://dimg04.c-ctrip.com/images/0106812000f6s3gjiBF89.jpg,False,0,0,,"特色展馆, 场馆展馆",
上海,2025滴水湖烟花秀,滴水湖临港地区,距市中心58.0km,"30.903569, 121.947301",0,0.0,3.8,https://dimg04.c-ctrip.com/images/0100912000i53fxrx65FD.png,False,0,0,,节庆,
上海,静安别墅,静安寺/南京西路,距市中心1.5km,"31.23378, 121.464673",334,4.7,3.8,https://dimg04.c-ctrip.com/images/100s1f000001gx445220C.jpg,True,0,0,,历史建筑,
上海,闻道园,顾村公园地区,距市中心25.7km,"31.444077, 121.36357",265,4.0,3.8,https://dimg04.c-ctrip.com/images/0103y12000f6q5jp59547.jpg,False,40.0,160.0,,"踏青必去, 园林花园",4A
上海,上海 · 话剧九人民国知识分子戏剧《四张机》,人民广场地区,距市中心860m,"31.243635, 121.483088",0,0.0,3.8,https://dimg04.c-ctrip.com/images/0105112000irhvortC463.png,False,0,0,,"演出, 话剧",
上海,北外滩滨江绿地,北外滩地区,距市中心3.2km,"31.253507, 121.507602",158,4.8,3.8,https://dimg04.c-ctrip.com/images/0101g12000f3vwget7BFA.jpg,True,0,0,北外滩旅游度假区夜游必打卡榜 No.2,"地标观景, 夜游观景",
上海,南浦大桥,,距市中心4.1km,"31.211022, 121.512356",196,4.6,3.8,https://dimg04.c-ctrip.com/images/0100r120008c4gqff10FB.jpg,True,0,0,,"地标观景, 夜游观景",
太仓,阿尔卑斯雪世界,,距上海36.6km,"31.410269, 121.152687",3804,4.9,6.2,https://dimg04.c-ctrip.com/images/0100n12000f6uo5mlA9E5.png,False,188.0,198.0,江苏滑雪景点榜 No.1,"冰雪乐园, 室内滑雪",
太仓,太仓阿尔卑斯国际度假区,,距上海36.6km,"31.416498, 121.157779",29,4.8,6.2,https://dimg04.c-ctrip.com/images/0105b12000f6pobtq5652.png,False,0,0,苏州必打卡景点榜 No.17,,
上海,汽车博览公园,嘉定新城,距市中心29.0km,"31.284671, 121.180224",81,4.7,3.7,https://dimg04.c-ctrip.com/images/0101s120008jk7awp3B99.jpg,True,0,0,,,4A
上海,上海 · “海阔天空”纪念Beyond黄家驹·32周年金曲演唱会,人民广场地区,距市中心860m,"31.243635, 121.483088",0,0.0,3.8,https://dimg04.c-ctrip.com/images/0103g12000ieoby4jF8BC.png,False,0,0,,演唱会,
上海,上海消防博物馆,中山公园商业区,距市中心6.1km,"31.224257, 121.417659",142,4.7,3.7,https://dimg04.c-ctrip.com/images/0585112000b243ziw53AF.jpg,True,0,0,,"博物馆, 场馆展馆",
上海,百诺巧克力博物馆,顾村公园地区,距市中心13.0km,"31.327338, 121.395568",3,5.0,3.7,https://dimg04.c-ctrip.com/images/0105612000f6updluD114.jpg,True,0,0,,"博物馆, 场馆展馆",
上海,老上海1930风情街,人民广场地区,距市中心232m,"31.237426, 121.482317",118,4.3,3.7,https://dimg04.c-ctrip.com/images/100f0d0000006rjvgD982.jpg,True,0,0,,城市漫步,
上海,上海 · 日语原版舞台剧《千与千寻》,衡山路地区,距市中心2.3km,"31.218429, 121.467599",0,0.0,3.7,https://dimg04.c-ctrip.com/images/0104j12000ikmjdziC046.jpg,False,180.0,0,,演唱会,
上海,上海 · 沉浸式东野圭吾青春热血推理话剧《放课后》,人民广场地区,距市中心486m,"31.234419, 121.475685",0,0.0,3.7,https://dimg04.c-ctrip.com/images/0105o12000et51j58A358.png,False,0,0,,"演出, 话剧",
上海,第57届博洛尼亚插画展中国巡展·上海站,徐家汇地区,距市中心6.7km,"31.180519, 121.453796",0,0.0,3.7,https://dimg04.c-ctrip.com/images/0102r12000hu9tqm68CAE.webp,False,0,0,,"特色展馆, 展览",
上海,上海 · 音乐剧《雄狮少年》,衡山路地区,距市中心3.2km,"31.21199, 121.462183",0,0.0,3.7,https://dimg04.c-ctrip.com/images/0106a12000ho7nnodBEB2.png,False,0,0,,"演出, 话剧",
上海,闵行博物馆,七宝古镇,距市中心13.4km,"31.166596, 121.365556",102,4.7,3.7,https://dimg04.c-ctrip.com/images/0102712000f6sgpndE343.jpg,True,0,0,,"博物馆, 场馆展馆",
上海,上海 · 玩库·沉浸式角色扮演儿童剧《冰雪女王》,北外滩地区,距市中心4.4km,"31.256638, 121.520402",0,0.0,3.7,https://dimg04.c-ctrip.com/images/0102u12000et6a5vg8D1D.png,False,0,0,,"演出, 沉浸式戏剧",
上海,上生新所,衡山路地区,距市中心5.0km,"31.214957, 121.434002",340,4.4,3.7,https://dimg04.c-ctrip.com/images/1A0l1a0000019c3ti420D.jpg,True,0,0,,,
上海,长兴岛,崇明岛/长兴岛/横沙岛,距市中心29.9km,"31.385953, 121.740589",57,4.3,3.7,https://dimg04.c-ctrip.com/images/0102112000f6rc05p64A2.jpg,False,0,0,,岛屿漫步,
上海,奇想花园,迪士尼度假区,距市中心20.3km,"31.148937, 121.666965",64,4.8,3.7,https://dimg04.c-ctrip.com/images/100d1f000001goufpFF7B.jpg,False,0,0,,游乐场,
上海,张园,静安寺/南京西路,距市中心1.4km,"31.234154, 121.466246",100,4.5,3.7,https://dimg04.c-ctrip.com/images/1A0u12000000sq213F9AE.jpg,False,0,0,,历史建筑,
上海,上海大剧院,人民广场地区,距市中心209m,"31.235344, 121.478399",154,4.7,3.7,https://dimg04.c-ctrip.com/images/0105d120008j0skt3268C.jpg,True,0,0,,"演出, 场馆展馆",
上海,上海 · 伦敦西区英文原版话剧《少年派的奇幻漂流》,衡山路地区,距市中心2.3km,"31.218227, 121.468812",0,0.0,3.7,https://dimg04.c-ctrip.com/images/0102d12000iev252oAD3E.jpg,False,0,0,,"演出, 话剧",
上海,徐家汇观象台(上海气象博物馆),徐家汇地区,距市中心5.7km,"31.196521, 121.442585",34,4.6,3.7,https://dimg04.c-ctrip.com/images/0107212000f6ri55c1BBF.jpg,True,0,0,,"博物馆, 场馆展馆",
上海,上海万达汽车乐园,青浦朱家角/东方绿舟,距市中心38.6km,"31.141073, 121.090065",251,4.2,3.7,https://dimg04.c-ctrip.com/images/100c1f000001gsy8r3240.jpg,False,180.0,0,,"遛娃宝藏地, 游乐场",
上海,ORIENS LUMINA焕光森林•东方曦望,奉贤开发区,距市中心32.3km,"30.946494, 121.491888",84,4.5,3.8,https://dimg04.c-ctrip.com/images/0103q12000f6qh689B622.jpg,False,119.0,0,,"特色展馆, 夜游观景",
上海,上海 · 强沉浸式末日灾难音乐剧《末日迷途》,人民广场地区,距市中心604m,"31.241568, 121.481872",0,0.0,3.7,https://dimg04.c-ctrip.com/images/0103i12000g55k4jq2D8D.png,False,0,0,,"演出, 话剧",
上海,上海 · 超时空灵魂伴侣 音乐剧《阿尔托，梵高》,人民广场地区,距市中心575m,"31.239763, 121.484717",0,0.0,3.7,https://dimg04.c-ctrip.com/images/0106912000cpbqeu42D9B.png,False,0,0,,"演出, 话剧",
上海,浦东机场博物馆,浦东机场核心区,距市中心33.6km,"31.153171, 121.818661",62,4.5,3.7,https://dimg04.c-ctrip.com/images/0104b12000aovot4t969D.jpg,True,0,0,,"博物馆, 场馆展馆",
上海,上海儿童动物园,虹桥地区,距市中心11.3km,"31.198905, 121.370161",32,4.7,3.7,https://dimg04.c-ctrip.com/images/0101012000atmwgazE3C8.jpg,False,0,0,,,
上海,“璀璨星河”号游船,上海,中国,"31.256668, 121.446117",0,0.0,3.7,https://dimg04.c-ctrip.com/images/0100x12000f1v4cpa7173.jpg,False,0,0,,,
上海,外滩源,外滩核心区,距市中心1.9km,"31.246211, 121.495876",161,4.7,3.7,https://dimg04.c-ctrip.com/images/100u1f000001gq7nj2017.jpg,True,0,0,,历史建筑,
上海,小飞侠天空奇遇,迪士尼度假区,距市中心20.0km,"31.149507, 121.664335",62,4.7,3.7,https://dimg04.c-ctrip.com/images/0106612000f6ri5tt3C2F.jpg,False,0,0,,游乐场,
上海,《消失的法老》胡夫金字塔沉浸式探索体验展 上海站,人民广场地区,距市中心296m,"31.23419, 121.482126",0,0.0,3.6,https://dimg04.c-ctrip.com/images/0102h12000i1avjus31D2.png,False,0,0,,"特色展馆, 展览",
上海,上海悬空玻璃艺术馆,人民广场地区,距市中心1.2km,"31.242516, 121.490275",11,3.7,3.6,https://dimg04.c-ctrip.com/images/1lo6212000bxxhdko82D9.jpg,False,138.0,0,,"特色展馆, 场馆展馆",
上海,东方明珠游船码头,陆家嘴,距市中心2.7km,"31.231249, 121.507942",24,4.8,3.6,https://dimg04.c-ctrip.com/images/0102c12000bbdiy398FE9.jpg,True,0,0,,"夜游观景, 乘船游览 ",
上海,精绝七日—新疆尼雅遗址数字大展,淮海路/新天地地区,距市中心1.6km,"31.222008, 121.4817",1,4.0,3.6,https://dimg04.c-ctrip.com/images/1me5712000iqj6mbn4B7A.jpg,False,98.0,98.0,,"特色展馆, 展览",
上海,双子山,新国际博览中心/世博园,距市中心6.0km,"31.182523, 121.486186",41,4.6,3.7,https://dimg04.c-ctrip.com/images/0104s12000fhfizdn026B.jpg,True,0,0,,踏青必去,
上海,静安公园,静安寺/南京西路,距市中心2.7km,"31.228471, 121.453099",381,4.6,3.6,https://dimg04.c-ctrip.com/images/0103t120009d1irsi7080.jpg,True,0,0,,踏青必去,
上海,州桥老街,嘉定新城,距市中心27.2km,"31.389981, 121.257881",153,4.6,3.6,https://dimg04.c-ctrip.com/images/0100312000f6sg4dn0983.jpg,True,0,0,,城市漫步,4A
桐乡,西栅,桐乡 · 乌镇西栅景区内/乌村,,"30.756424, 120.49039",10126,4.5,7.9,https://dimg04.c-ctrip.com/images/100c1f000001gsxcq27C5.jpg,False,150.0,150.0,,"遛娃宝藏地, 古镇古村",
上海,喜玛拉雅美术馆,新国际博览中心/世博园,距市中心8.7km,"31.215181, 121.568386",143,4.2,3.6,https://dimg04.c-ctrip.com/images/1lo3f12000bby7gjr8429.jpg,False,168.0,0,,"特色展馆, 地标观景",
上海,迪士尼·皮克斯玩具总动员,迪士尼度假区,距市中心20.0km,"31.149807, 121.663643",49,4.6,3.6,https://dimg04.c-ctrip.com/images/100w0t000000iuz049180.jpg,False,0,0,,游乐场,
上海,丁香花园,淮海路/新天地地区,距市中心3.9km,"31.218712, 121.445551",146,4.6,3.6,https://dimg04.c-ctrip.com/images/100e1f000001gt0n77F6B.jpg,False,0,0,,"园林花园, 地标观景",
上海,上海虹口足球场,四川北路商业区,距市中心4.5km,"31.276609, 121.486909",124,4.6,3.6,https://dimg04.c-ctrip.com/images/100v1f000001h1dbkF1F8.jpg,True,0,0,,"赏花胜地, 场馆展馆",
湖州,南浔古镇,湖州 · 南浔景区内,,"30.881469, 120.436766",9922,4.6,7.8,https://dimg04.c-ctrip.com/images/01066120008f4zmc64950.jpg,True,0,0,2024中国100夜游景点,"遛娃宝藏地, 古镇古村",5A
苏州,平江路历史街区,,距上海80.3km,"31.319846, 120.64099",1202,4.6,6.8,https://dimg04.c-ctrip.com/images/1A0712000000t6pxsA28F.jpg,True,0,0,江苏夜游必打卡榜 No.15,"城市漫步, 夜游观景",4A
上海,季高兔窝窝PANCOAT乐园,佘山/松江大学城,距市中心28.8km,"31.10803, 121.217482",135,4.4,3.6,https://dimg04.c-ctrip.com/images/0104j120009zw0cjw5151.jpg,False,59.0,84.0,,儿童乐园,
上海,上海国际会议中心,陆家嘴,距市中心2.4km,"31.245151, 121.503475",97,4.7,3.6,https://dimg04.c-ctrip.com/images/0101m120009d0uu5n7B90.jpg,False,0,0,,地标观景,
上海,韩国街,光大会展中心/漕河泾地区,距市中心11.7km,"31.174888, 121.379892",72,4.5,3.6,https://dimg04.c-ctrip.com/images/0102b1200002cbotoE6A7.jpg,True,0,0,,城市漫步,
苏州,金鸡湖,,距上海73.9km,"31.317298, 120.70789",1202,4.5,6.6,https://dimg04.c-ctrip.com/images/0102j120008i9i9atE67B.jpg,True,0,0,江苏夜游必打卡榜 No.11,"遛娃宝藏地, 自然山水",5A
上海,“不止灯彩”豫园灯会30年暨中国灯彩艺术展,豫园地区,距市中心1.8km,"31.230994, 121.498625",0,0.0,3.6,https://dimg04.c-ctrip.com/images/0105512000cf2rv2lE2F0.png,False,0,0,,"特色展馆, 展览",
上海,火山鲨鱼馆,滴水湖临港地区,距市中心54.6km,"30.91788, 121.915004",43,4.6,3.6,https://dimg04.c-ctrip.com/images/0105q120009bwu64j6D2C.jpg,False,0,0,,,
上海,上海 ·【肆笑喜剧】【贰叁叁】爆笑脱口秀|淮海中路|情侣约会,淮海路/新天地地区,距市中心2.0km,"31.222829, 121.465981",0,0.0,3.6,https://dimg04.c-ctrip.com/images/0100c12000igoykfuE3FC.jpg,False,0,0,,"演出, 脱口秀",
上海,钟书阁(松江泰晤士小镇店),佘山/松江大学城,距市中心34.4km,"31.040223, 121.201441",135,4.7,3.6,https://dimg04.c-ctrip.com/images/100g1f000001gqx0u4D22.jpg,True,0,0,,,
苏州,苏州 · 陶喆2025 《Soul Power II》世界巡回演唱会,,距上海69.3km,"31.313398, 120.756268",0,0.0,6.4,https://dimg04.c-ctrip.com/images/0102j12000iuhd9kt505A.jpg,False,0,0,,演唱会,
上海,广富林郊野公园,佘山/松江大学城,距市中心33.3km,"31.074869, 121.186543",86,4.4,3.6,https://dimg04.c-ctrip.com/images/01070120009zdcv2aBC95.jpg,True,0,0,,,
上海,【上海】音乐剧《大状王》,衡山路地区,距市中心2.3km,"31.218189, 121.468673",0,0.0,3.6,https://dimg04.c-ctrip.com/images/0102q12000geb6yuoB848.jpg,False,0,0,,"演出, 话剧",
上海,上海 · 高智商完美犯罪电影改编《夺魂索》-致敬希区柯克系列话剧,人民广场地区,距市中心612m,"31.241623, 121.481946",0,0.0,3.6,https://dimg04.c-ctrip.com/images/0106112000h45qbpn2FCA.png,False,0,0,,"演出, 话剧",
上海,鲁迅纪念馆,四川北路商业区,距市中心4.5km,"31.275505, 121.490442",103,0,3.6,https://dimg04.c-ctrip.com/images/0100k12000f6rcy341406.jpg,True,0,0,,,
上海,浦东新区陆家嘴图书馆,陆家嘴,距市中心4.5km,"31.247632, 121.525499",9042,4.7,3.6,https://dimg04.c-ctrip.com/images/0104c120008jpivvsE5A1.jpg,True,0,0,,,
上海,米奇大街,迪士尼度假区,距市中心20.4km,"31.148036, 121.668029",262,4.7,3.6,https://dimg04.c-ctrip.com/images/1006050000000m7kgE2CE.jpg,False,0,0,,夜游观景,
上海,梦幻世界(上海迪士尼乐园店),迪士尼度假区,距市中心20.1km,"31.150738, 121.666337",119,4.7,3.6,https://dimg04.c-ctrip.com/images/100a0j000000ayu44CDD7.jpg,False,0,0,,漂流,
上海,鲁迅故居,四川北路商业区,距市中心4.1km,"31.271819, 121.491204",104,0,3.6,https://dimg04.c-ctrip.com/images/0103m120009dfeefr6F79.jpg,False,0,0,,历史建筑,
上海,涟泉大江户(上海莘庄店),莘庄工业区,距市中心17.5km,"31.11078, 121.368643",380,4.6,3.6,https://dimg04.c-ctrip.com/images/10091f000001gsoqdFC85.jpg,False,299.0,0,,"遛娃宝藏地, 洗浴泡汤",
苏州,华谊兄弟电影世界,,距上海67.2km,"31.380827, 120.793334",7786,4.4,6.2,https://dimg04.c-ctrip.com/images/10010v000000k6oka1D87.jpg,False,215.0,228.0,苏州亲子景点榜 No.3,"遛娃宝藏地, 影视基地",
上海,白云观,豫园地区,距市中心1.1km,"31.2307, 121.490375",130,4.6,3.6,https://dimg04.c-ctrip.com/images/10050d0000006rjgeC1FB.jpg,False,0,0,,历史建筑,
上海,中国证券博物馆,外滩核心区,距市中心2.2km,"31.249773, 121.497475",29,4.7,3.6,https://dimg04.c-ctrip.com/images/01002120009414icf6965.jpg,True,0,0,,"博物馆, 场馆展馆",
上海,国际乒联博物馆和中国乒乓球博物馆,打浦桥地区,距市中心4.2km,"31.198924, 121.487789",75,4.7,3.6,https://dimg04.c-ctrip.com/images/01A3r120008zcwgp1BA08.jpg,True,0,0,,"博物馆, 场馆展馆",
苏州,苏州赏梅花,苏州,江苏,"31.341612, 120.5873",0,0.0,6.9,https://dimg04.c-ctrip.com/images/0101s12000b94z7tp9C5F.jpg,False,0,0,苏州特色体验榜 No.1,,
上海,上海 · 汉堡黄《你在想什么》双城限定·特别专场,上海火车站地区,距市中心3.2km,"31.259745, 121.459798",0,0.0,3.7,https://dimg04.c-ctrip.com/images/0102f12000igns4id4F5C.png,False,0,0,,livehouse,
上海,米奇童话专列,迪士尼度假区,距市中心20.2km,"31.148545, 121.665732",97,4.7,3.5,https://dimg04.c-ctrip.com/images/100s1f000001gx5nz7694.jpg,False,0,0,,"演出, 现场演出",
上海,上海 · 限智级纯狱风喜剧《低智商犯罪》,人民广场地区,距市中心605m,"31.241584, 121.481862",0,0.0,3.5,https://dimg04.c-ctrip.com/images/0103s12000ihv80guEDEA.png,False,0,0,,"演出, 沉浸式戏剧",
上海,顾村公园自然谷恐龙乐园,顾村公园地区,距市中心15.7km,"31.34668, 121.377566",333,4.3,3.6,https://dimg04.c-ctrip.com/images/0105412000aqri8f1F764.jpg,False,0,0,,"遛娃宝藏地, 游乐场",
上海,苏州河游览,长风公园地区,距市中心7.5km,"31.224971, 121.402583",32,4.5,3.6,https://dimg04.c-ctrip.com/images/1lo1h12000dxehzll5779.jpg,False,60.0,0.0,,乘船游览 ,
苏州,网师园,,距上海80.2km,"31.304153, 120.64035",2720,4.7,6.7,https://dimg04.c-ctrip.com/images/1lo3y12000ddcm8lv852D.jpg,False,30.0,30.0,江苏园林景点榜 No.5,"遛娃宝藏地, 赏花胜地",4A
上海,复旦大学-博物馆,江湾/五角场商业区,距市中心7.8km,"31.302386, 121.506024",33,4.7,3.6,https://dimg04.c-ctrip.com/images/0106w12000f6qbluvFC58.jpg,True,0,0,,"博物馆, 场馆展馆",
上海,世纪大道樱桃园,陆家嘴,距市中心3.9km,"31.239775, 121.520708",4843,4.7,3.6,https://dimg04.c-ctrip.com/images/0101x12000f6q686d06FC.jpg,True,0,0,,"赏花胜地, 园林花园",
上海,乍浦路桥,外滩核心区,距市中心2.1km,"31.250207, 121.494394",31,4.8,3.6,https://dimg04.c-ctrip.com/images/0105t12000f6u0ykp7FBB.jpg,True,0,0,,地标观景,
上海,上海 · 音乐剧《梵高》,人民广场地区,距市中心248m,"31.235542, 121.477816",0,0.0,3.5,https://dimg04.c-ctrip.com/images/0102j12000iev1uliF75E.png,False,0,0,,"演出, 话剧",
上海,上海失恋博物馆,人民广场地区,距市中心1.2km,"31.242508, 121.490194",189,3.9,3.6,https://dimg04.c-ctrip.com/images/100g14000000w6n0s844B.jpg,False,29.9,0.0,,"特色展馆, 博物馆",
上海,峡谷漂流,佘山/松江大学城,距市中心28.8km,"31.103953, 121.221226",10,4.5,3.5,https://dimg04.c-ctrip.com/images/100s14000000w7m770EE5.jpg,False,0,0,,漂流,
上海,幻境空间超级元宇宙(上海店),北外滩地区,距市中心1.5km,"31.249984, 121.478697",22,2.6,3.5,https://dimg04.c-ctrip.com/images/1lo0v12000brpv508CA30.jpg,False,59.9,159.0,,特色展馆,
上海,探险岛,迪士尼度假区,距市中心20.5km,"31.149423, 121.669472",157,4.6,3.6,https://dimg04.c-ctrip.com/images/100f1e000001fub742080.jpg,False,0,0,,漂流,
上海,小红楼La Villa Rouge(衡山路店),徐家汇地区,距市中心4.7km,"31.204182, 121.44831",69,4.7,3.6,https://dimg04.c-ctrip.com/images/0105712000f6t6efhE19E.jpg,True,0,0,,历史建筑,
上海,黑色博物馆BLACK MUSEUM,上海火车站地区,距市中心2.3km,"31.250946, 121.463138",5,4.2,3.5,https://dimg04.c-ctrip.com/images/0101y12000dd1m5nz7F04.jpg,False,76.0,0.0,,"博物馆, 场馆展馆",
苏州,阳澄湖,,距上海68.6km,"31.429952, 120.794784",106,4.5,6.2,https://dimg04.c-ctrip.com/images/0100j12000h149a793E31.jpg,True,0,0,苏州必打卡景点榜 No.18,"遛娃宝藏地, 自然山水",
上海,上海银行博物馆,淮海路/新天地地区,距市中心1.6km,"31.222338, 121.482883",318,4.6,3.5,https://dimg04.c-ctrip.com/images/01008120009igqt7wC752.jpg,False,0,0,,"博物馆, 场馆展馆",
上海,M50创意园,长寿路商业区,距市中心3.0km,"31.254456, 121.455795",255,4.6,3.5,https://dimg04.c-ctrip.com/images/0105w12000f6t3kleD0E5.jpg,True,0,0,,地标观景,
上海,上海 · 音乐剧《女神在看》,人民广场地区,距市中心577m,"31.240096, 121.484362",0,0.0,3.5,https://dimg04.c-ctrip.com/images/0101o12000htj33p39A46.png,False,0,0,,"演出, 话剧",
上海,上海话剧艺术中心,淮海路/新天地地区,距市中心3.6km,"31.220075, 121.447556",86,4.7,3.5,https://dimg04.c-ctrip.com/images/1lo4n12000dn2t3e47A7B.png,True,0,0,,"演出, 场馆展馆",
上海,上海 · 【71特别秀】沪语/普通话脱口秀·SpicyComedy,淮海路/新天地地区,距市中心1.2km,"31.225475, 121.481258",0,0.0,3.9,https://dimg04.c-ctrip.com/images/0104w12000iq7r62j04E4.png,False,0,0,,"演出, 脱口秀",
苏州,沧浪亭,,距上海80.9km,"31.300686, 120.632192",1976,4.7,6.7,https://dimg04.c-ctrip.com/images/0103212000f9vffuvAC0D.jpg,False,15.0,15.0,江苏园林景点榜 No.6,"遛娃宝藏地, 赏花胜地",
上海,snh48星梦剧院,四川北路商业区,距市中心3.3km,"31.262448, 121.49699",13,4.8,3.5,https://dimg04.c-ctrip.com/images/100t1f000001gq9us4961.jpg,False,0,0,,"演出, 场馆展馆",
上海,复星艺术中心,外滩核心区,距市中心2.4km,"31.23251, 121.504731",252,4.6,3.5,https://dimg04.c-ctrip.com/images/10081f000001gqgwhCD2A.jpg,True,0,0,,场馆展馆,
上海,上海 · 《暗恋桃花源》纪念版,徐家汇地区,距市中心5.3km,"31.199211, 121.446443",0,0.0,3.5,https://dimg04.c-ctrip.com/images/0104812000ilks9de5FCF.jpg,False,0,0,,"演出, 话剧",
上海,交通银行博物馆,陆家嘴,距市中心3.1km,"31.244959, 121.510716",6069,4.7,3.5,https://dimg04.c-ctrip.com/images/0105312000f6twdkw1ACE.jpg,True,0,0,,"博物馆, 场馆展馆",
上海,上海 · 音乐剧《尘封十三载》,淮海路/新天地地区,距市中心567m,"31.2347, 121.485942",0,0.0,3.5,https://dimg04.c-ctrip.com/images/0101w12000ihjrhd92E3D.jpg,False,0,0,,"演出, 话剧",
上海,上海欢乐谷吉鑫照国际大马戏《丝路传奇》,佘山/松江大学城,距市中心29.0km,"31.100429, 121.220836",22,4.4,3.5,https://dimg04.c-ctrip.com/images/1lo1512000f4lq9o5DAC7.jpg,False,288.0,0,,演出,
上海,彩虹桥,,距市中心44.1km,"31.143514, 121.030418",24,4.3,3.5,https://dimg04.c-ctrip.com/images/0102812000f6r5gwh443C.jpg,False,0,0,,地标观景,
上海,老码头,打浦桥地区,距市中心3.3km,"31.225078, 121.512289",146,4.4,3.5,https://dimg04.c-ctrip.com/images/100c1f000001gsxuiC272.jpg,True,0,0,,,
上海,曲水兰亭,虹桥地区,距市中心9.6km,"31.195852, 121.39078",2,3.5,3.5,https://dimg04.c-ctrip.com/images/0103v12000go7db7b7F30.png,False,0,0,,,
苏州,苏州游船观光,苏州,江苏,"31.341612, 120.587391",0,0.0,6.8,https://dimg04.c-ctrip.com/images/0105r120008vraxfn07DB.jpg,False,0,0,苏州特色体验榜 No.2,,
上海,冰雪奇缘：欢唱盛会,迪士尼度假区,距市中心19.9km,"31.150596, 121.663587",147,4.8,3.5,https://dimg04.c-ctrip.com/images/1A04170000012lnlyFBF0.jpg,False,0,0,,"演出, 现场演出",
上海,华山路,静安寺/南京西路,距市中心2.8km,"31.229091, 121.451652",101,4.7,3.5,https://dimg04.c-ctrip.com/images/01007120009dlerre6EE8.jpg,True,0,0,,城市漫步,
上海,金泽镇,青浦朱家角/东方绿舟,距市中心56.8km,"31.041805, 120.928882",87,4.5,3.5,https://dimg04.c-ctrip.com/images/0585d12000b244uso92EB.jpg,True,0,0,,"古镇古村, 自然山水",
上海,寒山寺,崇明岛/长兴岛/横沙岛,距市中心44.3km,"31.629515, 121.4088",5,4.2,3.5,https://dimg04.c-ctrip.com/images/0104a120009ddfp9bE56C.jpg,False,0,0,,历史建筑,
上海,《跃动千年 敦煌印记》敦煌壁画中的体育文化主题展,人民广场地区,距市中心405m,"31.239727, 121.478533",0,0.0,3.5,https://dimg04.c-ctrip.com/images/0101h12000h5mgxpn95C8.png,False,0,0,,"特色展馆, 展览",
昆山,苏州昆曲表演,昆山,苏州,"31.272388, 121.008504",0,0.0,5.8,https://dimg04.c-ctrip.com/images/0100w120009rkil3iE4A8.jpg,False,0,0,苏州特色体验榜 No.9,,
